# From OzSTAR catalog 1/4/2021 using psrcat -all -c "NAME RAJD DECJD" 
----------------------------------------------------------------------------
#     NAME                     RAJD                  DECJD                  
                               (deg)                 (deg)                  
----------------------------------------------------------------------------
1                              0.00000             0 0.00000              0 
2                              0.00000             0 0.00000              0 
3                              0.00000             0 0.00000              0 
4                              0.00000             0 0.00000              0 
5                              0.00000             0 0.00000              0 

6                              0.00000             0 0.00000              0 
7                              0.00000             0 0.00000              0 
8                              0.00000             0 0.00000              0 
9                              0.00000             0 0.00000              0 
10                             0.00000             0 0.00000              0 

11                             0.00000             0 0.00000              0 
12                             0.00000             0 0.00000              0 
13                             0.00000             0 0.00000              0 
14                             0.00000             0 0.00000              0 
15                             0.00000             0 0.00000              0 

16                             0.00000             0 0.00000              0 
17                             0.00000             0 0.00000              0 
18                             0.00000             0 0.00000              0 
19                             0.00000             0 0.00000              0 
20                             0.00000             0 0.00000              0 

21                             0.00000             0 0.00000              0 
22                             0.00000             0 0.00000              0 
23                             0.00000             0 0.00000              0 
24                             0.00000             0 0.00000              0 
25                             0.00000             0 0.00000              0 

26                             0.00000             0 0.00000              0 
27                             0.00000             0 0.00000              0 
28                             0.00000             0 0.00000              0 
29                             0.00000             0 0.00000              0 
30                             0.00000             0 0.00000              0 

31                             0.00000             0 0.00000              0 
32                             0.00000             0 0.00000              0 
33                             0.00000             0 0.00000              0 
34                             0.00000             0 0.00000              0 
35                             0.00000             0 0.00000              0 

36                             0.00000             0 0.00000              0 
37                             0.00000             0 0.00000              0 
38                             0.00000             0 0.00000              0 
39                             0.00000             0 0.00000              0 
40                             0.00000             0 0.00000              0 

41                             0.00000             0 0.00000              0 
42                             0.00000             0 0.00000              0 
43                             0.00000             0 0.00000              0 
44                             0.00000             0 0.00000              0 
45                             0.00000             0 0.00000              0 

46                             0.00000             0 0.00000              0 
47                             0.00000             0 0.00000              0 
48                             0.00000             0 0.00000              0 
49                             0.00000             0 0.00000              0 
50                             0.00000             0 0.00000              0 

51                             0.00000             0 0.00000              0 
52                             0.00000             0 0.00000              0 
53                             0.00000             0 0.00000              0 
54                             0.00000             0 0.00000              0 
55                             0.00000             0 0.00000              0 

56                             0.00000             0 0.00000              0 
57                             0.00000             0 0.00000              0 
58    J0002+6216    cwp+17     0.74238             9 62.26928             3 
59    J0006+1834    cnt96      1.5200              9 18.5831             12 
60    J0007+7303    aaa+09c    1.7571              9 73.0521              3 

61    J0011+08      dsm+16     2.9                 5 8.17                14 
62    B0011+47      dth78      3.57396            17 47.77594             9 
63    J0015-5841    .          3.81542             0 -58.69717            0 
64    J0021-0909    clh+20     5.46445            13 -9.1663              4 
65    J0023+0923    hrm+11     5.82032559          4 9.38996257           9 

66    J0023-7203J   .          5.99753             0 -72.06633            0 
67    B0021-72C     mld+90     5.9598085           5 -72.07541802        12 
68    B0021-72D     mlr+91     6.0578372           3 -72.07884789         6 
69    B0021-72E     mlr+91     6.0462720           3 -72.08893033         6 
70    B0021-72F     mlr+91     6.0160645           5 -72.07856064         6 

71    B0021-72G     rlm+95     6.0331679           5 -72.07769528        14 
72    B0021-72H     mlr+91     6.0279300           9 -72.06855742        17 
73    B0021-72I     mlr+91     6.0330612           9 -72.07768931        20 
74    B0021-72J     mlr+91     5.99753071         13 -72.06633095         3 
75    B0021-72L     rlm+95     6.0157171          13 -72.0824786          6 

76    B0021-72M     mlr+91     5.9770413          13 -72.0918767          6 
77    B0021-72N     rlm+95     6.0382833           9 -72.07469186        20 
78    J0024-7204O   clf+00     6.0193798           7 -72.08159867        17 
79    J0024-7204P   clf+00     6.08               13 -72.069             18 
80    J0024-7204Q   clf+00     6.0687121           5 -72.07365678        17 

81    J0024-7204R   clf+00     6.031588            5 -72.0806611         14 
82    J0024-7204S   clf+00     6.0165808           5 -72.07843139        12 
83    J0024-7204T   clf+00     6.035621            3 -72.0774811          9 
84    J0024-7204U   clf+00     6.0409858           5 -72.06658006        12 
85    J0024-7204V   clf+00     6.02363             0 -72.08128            0 

86    J0024-7204W   clf+00     6.02515             3 -72.080239          14 
87    J0024-7204X   fre08      6.0932735           4 -72.02151150        20 
88    J0024-7204Y   frk+17     6.005854           17 -72.078283           6 
89    J0024-7204Z   frk+17     6.025171            9 -72.0837444         17 
90    J0024-7204aa  phl+16     6.02363             0 -72.08128            0 

91    J0024-7204ab  phl+16     6.034006            3 -72.0798894          6 
92    J0025+0502    .          6.32500             0 5.04722              0 
93    J0026+6320    jml+09     6.71067             4 63.333575           14 
94    J0030+0451    lzb+00     7.61428258         16 4.8610309            4 
95    J0033+57      hrk+08     8.25000             0 57.00000             0 

96    J0033+61      hrk+08     8.25000             0 61.00000             0 
97    J0034+69      slr+14     8.5                 8 69.7                 3 
98    J0034-0534    bhl+94     8.5909759           4 -5.5768672           9 
99    B0031-07      lvw69a     8.5467822           5 -7.3883827           6 
100   J0038-2501    acd+19     9.54277             5 -25.025203           6 

101   J0039+35      scb+19     9.78                5 35.75                5 
102   B0037+56      dtws85     10.1349579          5 57.2735647           3 
103   J0043-73      tsm+19     10.9                4 -73.18              12 
104   J0045-7042    mfl+06     11.3570             8 -70.7020             4 
105   J0045-7319    mmh+91     11.3965             3 -73.31750            6 

106   B0045+33      dtws85     12.14160            9 34.20223            11 
107   J0050+03      dsm+16     12.6                5 3.80                14 
108   J0051+0423    snt97      12.8754             9 4.3803              17 
109   J0052-72      tsm+19     13.1                4 -72.08              12 
110   J0054+66      hrk+08     13.50000            0 66.00000             0 

111   J0054+69      kkl+15     13.62              11 69.43                4 
112   J0054+6946    slr+14     13.74632            3 69.771347           10 
113   B0052+51      dtws85     13.9391588          5 51.2901669           3 
114   B0053+47      dtws85     14.10630            8 47.93626             7 
115   J0057-7201    ckm+01     14.4333            17 -72.0219             6 

116   J0058+4950    slr+14     14.54162           12 49.84056             7 
117   J0058+6125    hrk+08     14.50000            0 61.41667             0 
118   J0059+69      scb+19     14.88              15 69.92                5 
119   J0100+8023    scb+19     15.06704            5 80.394931            9 
120   J0100-7211    lfmp02     15.1793             5 -72.19267           14 

121   J0101-6422    kcj+12     15.29631686167      5 -64.37504757222      3 
122   J0102+4839    hrm+11     15.75000            0 48.00000             0 
123   B0059+65      dbtb82     15.6374642          5 65.6203933           3 
124   J0103+54      kkl+15     15.90               9 54.03                9 
125   J0106+4855    pga+12     16.60442            5 48.93106             6 

126   J0107+1322    scb+19     16.91646            9 13.3755              3 
127   B0105+65      dls72      17.0937704         13 66.1429164           3 
128   B0105+68      dtws85     17.12293            9 69.09795             3 
129   J0108-1431    tnj+94     17.0347792          4 -14.5306075          4 
130   J0111+6624    slr+14     17.8412             6 66.40300            18 

131   J0111-7131    mfl+06     17.8699             4 -71.52967           17 
132   J0113-7220    ckm+01     18.29621           13 -72.34228            5 
133   J0115+6325    scb+19     18.94112            5 63.43078             3 
134   B0114+58      stwd85     19.411088          11 59.243997            7 
135   J0122+1416    ttk+17     20.50546           13 14.2714              3 

136   J0125+62      slr+14     21.5                8 62.6                 3 
137   J0125-23      mbc+19     21.29167            0 -23.45722            0 
138   J0125-2327    .          21.25441            0 -23.45227            0 
139   J0131-7310    mfl+06     22.86879           13 -73.16926            4 
140   J0133-6957    lml+98     23.38525            5 -69.958244           9 

141   J0134-2937    mld+96     23.5778433         13 -29.6214006         20 
142   J0137+1654    lxf+05     24.34950            5 16.91169            12 
143   J0137+6349    slr+14     24.30569            8 63.82621             4 
144   J0139+3336    ttm+18     24.98846           17 33.6166              3 
145   J0139+5621    cvh+14     24.91067            9 56.36022            12 

146   B0136+57      dth78      24.832250           5 58.242172            5 
147   B0138+59      mth72      25.41641            4 60.158973           19 
148   J0141+63      slr+14     25.2                5 63.13               14 
149   J0146+31      ttol16     26.56              17 31.07               17 
150   J0146+6145    ims94      26.5934             5 61.75078            20 

151   B0144+59      stwd85     26.9360142          5 59.3675789           3 
152   B0148-06      mlt+78     27.8445875          9 -6.5841111           6 
153   J0152+0948    clm+05     28.0989             3 9.8028               6 
154   B0149-16      mlt+78     28.0452233          5 -16.6313861          6 
155   J0154+1833    mgf+19     28.65367804        13 18.564099            3 

156   J0156+04      dsm+16     29.0                5 4.03                14 
157   B0153+39      dtws85     29.2302             9 39.8246             12 
158   B0154+61      dls72      29.4580975          5 62.2074022           3 
159   J0158+21      dsm+13     29.62              14 21.13               14 
160   J0201+7005    kkl+15     30.42227            3 70.088364           17 

161   J0205+6449    mss+02     31.4080103          7 64.8281484           3 
162   B0203-40      mlt+78     31.50528            3 -40.467869          20 
163   J0210+5845    scb+19     32.7308             5 58.7511              3 
164   J0211-8159    lml+98     32.9958            13 -81.99339            9 
165   J0212+5222    bck+13     33.21724            3 52.380417           12 

166   J0212-3609    .          33.06042            0 -36.16544            0 
167   J0214+5222    slr+14     33.730297          15 52.37804             6 
168   J0215+6218    llc98      33.98595            4 62.30927             3 
169   J0218+4232    nbf+95     34.526494038       17 42.53815976          3 
170   J0220+36      ttol16     35.2                3 36.4                 3 

171   J0223-3224    .          35.80583            0 -32.41025            0 
172   J0229+20      dsm+13     37.26              14 20.97               14 
173   B0226+70      dtws85     37.80832           12 70.44275             5 
174   J0241+16      dsm+13     40.44              13 16.07               14 
175   J0242+62      hrk+08     40.646             13 62.947              10 

176   J0242-2948    .          40.63200            0 -29.81658            0 
177   J0243+6027    hrk+08     40.75000            0 60.45000             0 
178   J0244+14      dsm+13     41.21              13 14.45               14 
179   J0248+6021    tpc+11     42.077571           5 60.359644            3 
180   J0250+5854    tbc+18     42.57408           13 58.90036             6 

181   J0251+26      cck+16     42.8                3 26.1                 3 
182   B0254-53      lvw69b     43.984486           4 -53.073035           3 
183   J0302+2252    ttol16     45.633292          17 22.87003             6 
184   B0301+19      fss73      46.13798            7 19.5476              3 
185   J0305+11      scb+19     46.27               5 11.38                5 

186   J0306-3136    .          46.50042            0 -31.61267            0 
187   J0308+74      hrm+11     47.00000            0 74.00000             0 
188   J0317+13      ttm18      49.48               5 13.48                5 
189   B0320+39      dth78      50.8610913          5 39.7478897           3 
190   J0324+5239    bck+13     51.23108           17 52.65869             6 

191   J0325+6744    slr+14     51.27133            9 67.74983             4 
192   J0326-29      .          51.49583            0 -28.82722            0 
193   J0329+1654    lxf+05     52.28563           13 16.9006              6 
194   B0329+54      cp68       53.2475400          5 54.5787025           3 
195   J0332+79      kkl+15     53.19               9 79.17                9 

196   B0331+45      dtws85     53.8193400          5 45.9315144           3 
197   J0335+6623    slr+14     53.9878             6 66.3899              3 
198   J0337+1715    rsa+14     54.4326079          6 17.2541189           6 
199   J0340+4130    hrm+11     55.09703317         5 41.51258087          8 
200   J0341+5711    hrk+08     55.25000            0 57.18333             0 

201   B0339+53      dth78      55.80379           17 53.21484            18 
202   J0343-3000    mb0605     55.86642           13 -30.00764           12 
203   J0344-0856    .          56.15613            0 -9.01741             0 
204   J0344-0901    clh+20     56.156131           9 -9.01741             3 
205   J0347-5749    LL         56.8               10 -57.82               7 

206   J0348+0432    lbr+13     57.181829167       17 4.53651611           6 
207   J0349+2340    scb+19     57.48908           17 23.6814              6 
208   J0357+3205    aaa+09c    59.4688             9 32.0903             17 
209   B0353+52      dtws85     59.4368346          9 52.6159703           3 
210   J0358+4155    slr+14     59.513228           6 41.921954            6 

211   B0355+54      mth72      59.7238492          9 54.2204956           9 
212   J0358+6627    slr+14     59.658038          15 66.462937            6 
213   J0359+5414    cwp+17     59.85837            9 54.24881             9 
214   B0403-76      mlt+78     60.46533            5 -76.137167          14 
215   B0402+61      dth78      61.6253358          9 61.6448356           3 

216   J0407+1607    lxf+05     61.978912          13 16.12122             6 
217   J0408+551     hrk+08     62.00000            0 55.00000             0 
218   J0408+552     hrk+08     62.00000            0 55.00000             0 
219   J0410-2311    .          62.68375            0 -23.19506            0 
220   J0410-31      bbj+11     62.66              14 -31.12              12 

221   J0410-3107a   .          62.66458            0 -31.12494            0 
222   J0413+58      hrk+08     63.25000            0 58.00000             0 
223   B0410+69      dtws85     63.981889          15 69.902747            7 
224   J0417+35      cnst96     64.43               7 35.75                9 
225   J0417+61      slr+14     64.2                8 61.1                 3 

226   J0418+5732    vck+10     64.64111           18 57.53970            10 
227   J0418-4154    bcm+15     64.5175000         17 -41.903000          17 
228   J0418-4155    .          64.51632971         3 -41.9040766583       9 
229   J0419+44      hrk+08     64.75000            0 44.00000             0 
230   J0420-5022    hmz+04     65.00813           17 -50.38003           17 

231   J0421+3255    ttol16     65.3883             9 32.931               3 
232   J0421-0345    mld+96     65.38982            7 -3.75184            17 
233   J0426+4933    hrk+08     66.528387           5 49.560683           12 
234   J0435+2749    rtj+96     68.965908          17 27.81714            12 
235   J0437-4715    jlh+93     69.315894532        3 -47.2523951167      20 

236   J0447-04      kkl+15     71.8                3 -4.6                 3 
237   J0448-2749    lml+98     72.17320            3 -27.82965            3 
238   J0449-7031    mfl+06     72.2736             3 -70.52547            9 
239   B0447-12      mlt+78     72.537             13 -12.802              3 
240   J0451-67      mfl+06     73.0                3 -67.30              12 

241   B0450-18      vlw69      73.1421071          5 -17.9898253          6 
242   J0453+1559    dsm+13     73.4392237          3 15.9892517          17 
243   J0454+4529    mhl+18     73.74712            4 45.49631             3 
244   B0450+55      dth78      73.5322942          5 55.7281769           6 
245   B0456-69      mmh+91     73.9481             4 -69.85953           17 

246   J0456-69      rcl+13     74.12500            0 -69.16667            0 
247   J0456-7031    mfl+06     74.0104            13 -70.5185             4 
248   J0457+23      dsm+13     74.28               3 23.57                3 
249   J0457-6337    mfl+06     74.2825             4 -63.6251             3 
250   J0457-69      rcl+13     74.25833            0 -69.76667            0 

251   J0458-0505    lbr+13     74.65467           11 -5.0847             12 
252   J0458-67      rcl+13     74.74583            0 -67.71667            0 
253   J0459-0210    mld+96     74.96642            3 -2.16851             6 
254   J0501+4516    gwk08      75.27817            5 45.27609             4 
255   B0458+46      dth78      75.519004          17 46.90169             3 

256   B0502-66      mmh+91     75.7105             5 -66.2997             3 
257   J0509+0856    mgf+19     77.34264521         5 8.9402847            3 
258   J0509+3801    slr+14     77.3824504         11 38.021690            4 
259   J0511-6508    mfl+06     77.98542            9 -65.14347            9 
260   J0514-4002A   fgri04     78.5278863          9 -40.0469147          6 

261   J0514-4407    .          78.71600            0 -44.11848            0 
262   J0514-4408    bcm+15     78.717458          13 -44.143717           6 
263   J0517+2212    cha03      79.321446           9 22.21442             6 
264   J0518+5125    scb+19     79.60894            4 51.43297             6 
265   J0518+5416    slr+14     79.72167            8 54.28056             8 

266   J0519+44      hrk+08     79.75000            0 44.00000             0 
267   J0519-6932    mfl+06     79.94549            5 -69.539856          20 
268   J0520-2553    lml+98     80.150772          15 -25.88675            3 
269   J0521-68      rcl+13     80.43333            0 -68.58333            0 
270   J0522-6847    mfl+06     80.5961             4 -68.78394            9 

271   J0523-2941    .          80.97629            0 -29.68933            0 
272   B0523+11      mlt+78     81.485201           5 11.255300           20 
273   J0525-6607    mgi+79     81.5038             5 -66.07675           17 
274   B0525+21      sr68       82.21777            4 22.0011              6 
275   J0528-0711    .          82.28739            0 -7.25734             0 

276   J0528-3217    .          82.03933            0 -32.28522            0 
277   J0529-0715    clh+20     82.287388           9 -7.25734             3 
278   B0529-66      mhah83     82.46208           13 -66.87775            9 
279   J0532-6639    mfl+06     83.2480             3 -66.66036           14 
280   J0532-69      rcl+13     83.01667            0 -69.76667            0 

281   J0533+0402    snt97      83.35758            3 4.03347              6 
282   J0533+6759    san16      83.4797504         13 67.9881914           9 
283   J0533-4524    ovm+20     83.30788           17 -45.41394            6 
284   B0531+21      sr68       83.63322            3 22.014461           17 
285   J0534+34      ttm18      83.62               9 34.1                 3 

286   J0534-6703    mfl+06     83.6507             5 -67.0636             3 
287   J0535-66      rcl+13     83.91667            0 -66.86667            0 
288   J0535-6935    ckm+01     83.8                5 -69.58              12 
289   B0538-75      mlt+78     84.12829            5 -75.73242            3 
290   J0537-69      rcl+13     84.42917            0 -69.35000            0 

291   J0537-6910    mgz+98     84.448              5 -69.1722            17 
292   J0538+2817    fcwa95     84.6044050          5 28.2858781           6 
293   J0540+0846    sb0310     85.20              10 8.770                7 
294   J0540+0846B   sb0310     85.20              10 8.770                7 
295   J0540+3207    cfl+06     85.154650           5 32.12703             3 

296   B0540-69      shh84      85.04667            4 -69.331714          14 
297   J0540-7125    lml+98     85.1283            13 -71.42539           14 
298   J0542-68      rcl+13     85.64583            0 -68.26667            0 
299   B0540+23      dls72      85.7958             8 23.27781            14 
300   J0543-6851    mfl+06     85.9696             5 -68.8570             3 

301   J0544+20      dsm+16     86.0                5 20.83               14 
302   J0545-03      kkl+15     86.2                5 -3.2                 6 
303   J0546+2441    clm+05     86.61983           13 24.6892             17 
304   J0550+09      dsm+16     87.6                5 9.85                14 
305   J0554+3107    pga+13     88.52088           13 31.1281             12 

306   J0555+3948    bck+13     88.8               13 39.80                9 
307   J0555-7056    mfl+06     88.7577             5 -70.94600           17 
308   J0557+1550    skl+15     89.3810383          4 15.835013            3 
309   J0557-2948    kmk+18     89.387498           3 -29.8046678         20 
310   B0559-57      mlt+78     90.1937            13 -57.9483             9 

311   B0559-05      mlt+78     90.4957587          9 -5.4640444          12 
312   J0605+3757    san16      91.2730996          5 37.959989            3 
313   J0608+00      dsm+13     92.20              13 0.65                14 
314   J0609+16      ttk+17     92.30417            0 16.56667             0 
315   J0609+2130    lxf+05     92.4953587          9 21.50079             3 

316   J0610-2100    mb0705     92.5566339          5 -21.0077822          5 
317   J0611+04      dsm+16     92.8                5 4.10                14 
318   J0611+1436    lsb+17     92.82770            6 14.6144             12 
319   J0611+30      cnst96     92.82              10 30.27                9 
320   B0609+37      stwd85     93.202861           7 37.36038             3 

321   J0612+37216   slr+14     93.18376           13 37.3612              6 
322   J0613+3731    cvh+14     93.30063            5 37.5273              3 
323   J0613-0200    lnl+95     93.43323            0 -2.01310             0 
324   B0611+22      dls72      93.5708575          5 22.4991244           3 
325   J0614+83      slr+14     94                  3 83.2                 3 

326   J0614-3329    rrc+11     93.5431158         13 -33.4983661         12 
327   J0620-5857    .          95.16708            0 -58.96186            0 
328   J0621+0336    pamb       95.2967594983      13 3.61262936667       14 
329   J0621+1002    cnst96     95.34214317        13 10.0440931           5 
330   J0621+2514    san16      95.2952258          5 25.234397            9 

331   J0621-55      kbj+18     95.49              13 -55.9578            20 
332   J0622+3749    pga+12     95.54379            9 37.8204              3 
333   J0623+0340    pamb       95.944789445        4 3.6684718167         6 
334   B0621-04      mlt+78     96.07764            0 -4.41363             0 
335   J0625+10      cnst96     96.44               7 10.27                9 

336   J0626-2323    .          96.50125            0 -23.38494            0 
337   J0627+0649    pamb       96.973474352        3 6.8316994444         6 
338   J0627+0706    pamb       96.93406250         4 7.109250000          9 
339   J0627+16      dcm+09     96.80               3 16.20                4 
340   J0628+0909    cfl+06     97.15076            3 9.15386              9 

341   B0626+24      dth78      97.2738637          5 24.2615406           3 
342   J0630+19      dsm+16     97.5                5 19.62               14 
343   J0630-0046    pamb       97.612310893        4 -0.7682926611        3 
344   B0628-28      lvw69a     97.70585164        18 -28.57854967        11 
345   J0631+0646    cwp+17     97.96825            9 6.77061             20 

346   J0631+1036    zcwl96     97.864683          17 10.61736             9 
347   J0633+0632    aaa+09c    98.43421            9 6.5430               5 
348   J0633+1746    hh92       98.475637          12 17.770252           12 
349   J0633-2015    bjd+06     98.28683           17 -20.25208           17 
350   J0635+0533    cmn+00     98.825              9 5.553                9 

351   J0636+5129    slr+14     99.02019669         3 51.48332412          4 
352   J0636-3044    mbc+19     99.28750            0 -30.84500            0 
353   J0636-4549    mb0605     99.14060            7 -45.82573            5 
354   J0637-30      .          99.14326            0 -30.73361            0 
355   J0637-3050    VM         99.28750            0 -30.84528            0 

356   J0638-1938    phmb       99.654              5 -19.6406             3 
357   J0641+07      ttm+18     100.3               5 7.7                  5 
358   J0642+0845    pamb_jb    100.617             5 8.7517               3 
359   J0645+5158    slr+14     101.496175750      15 51.970810774        20 
360   J0645+80      slr+14     101.5              18 80.2                 3 

361   J0646+0905    pamb       101.6291454321     13 9.0970363056         3 
362   J0647+0913    pamb       101.815311595       8 9.2331952000         9 
363   J0650-3043    LL         102.51583           0 -30.71872            0 
364   J0652-0142    pamb       103.046273313       6 -1.7084120778        9 
365   J0653+4706    bph+17a    103.25000           0 47.10000             0 

366   B0643+80      dbtb82     103.31287          13 80.86673             4 
367   J0656-2228    bjd+06     104.12586           4 -22.47376            5 
368   J0656-5449    jbo+09     104.20413           3 -54.820811          12 
369   J0657-3550    ll0210     104.42             10 -35.834              7 
370   J0657-5735    LL         104.4              10 -57.59               7 

371   J0658+0022    pamb       104.563362745       3 0.3764884250         4 
372   B0656+14      mlt+78     104.950558         13 14.23931             9 
373   B0655+64      dth78      105.157508         17 64.303111           12 
374   J0702-3546    phmb       105.654             5 -35.7742             3 
375   J0702-4956    bcm+15     105.6637            9 -49.94283           17 

376   J0707-3302    .          106.89733           0 -33.04528            0 
377   J0709+0458    mgf+19     107.28485579        9 4.98097058          17 
378   J0709-5923    jbo+09     107.38555           4 -59.398778          12 
379   J0710-1604    pamb_jb    107.567             5 -16.0778             3 
380   J0711+0931    lzb+00     107.90075           9 9.5236               3 

381   J0711-6830    bjb+97     107.97594058        6 -68.51322193         3 
382   J0716-3331    .          109.10204           0 -33.52753            0 
383   J0719-2545    mb0605     109.78075           3 -25.75006            3 
384   J0720-3125    hmb+97     110.104008          4 -31.430579           4 
385   J0721-2038    pamb       110.4287692200      3 -20.635294863889    14 

386   J0725-1635    mld+96     111.25168           3 -16.59606            4 
387   J0725-3515    .          111.26042           0 -35.25492            0 
388   J0726-2612    mb0605     111.53383          17 -26.2106             3 
389   J0728-2458    .          112.10083           0 -24.98331            0 
390   J0729-1448    mhl+02     112.31854           9 -14.8102             3 

391   B0727-18      mlt+78     112.3786008         5 -18.6120289          6 
392   J0732+2314    mgf+19     113.156315          4 23.248392           20 
393   J0732-3028    ll0210     113.19             10 -30.483              7 
394   J0732-3206    LL         113.1              10 -32.10               7 
395   J0733-2345    lfl+06     113.35250          17 -23.7656             4 

396   J0734-1559    sbd+11     113.50000           0 -15.98333            0 
397   J0736-4718    .          114.21333           0 -47.31103            0 
398   J0736-6304    bb10       114.0834           12 -63.0711             6 
399   J0737-2202    mhl+02     114.43363           3 -22.03481            4 
400   J0737-3039A   bdp+03     114.46353355       11 -30.66130677         3 

401   J0737-3039B   lbk+04     114.46353863       13 -30.66131097        14 
402   J0738+6904    slr+14     114.59419          15 69.07223             9 
403   J0738-3333    .          114.55588           0 -33.56278            0 
404   B0736-40      lvw68      114.634411          9 -40.711297           6 
405   J0740+41      slr+14     115.3               3 41.07               14 

406   J0740+6620    slr+14     115.19080319        3 66.342644349        20 
407   J0742+4334    scb+19     115.67554           5 43.56728             9 
408   B0740-28      fss73      115.704408          9 -28.378822          12 
409   B0743-53      mlt+78     116.25958          17 -53.856111           9 
410   J0746-3124    pamb_jb    116.679             5 -31.4044             3 

411   J0746-4529    mb0605     116.74799           7 -45.49074            5 
412   J0747+6646    slr+14     116.91536           5 66.78243             5 
413   J0749-4247    mld+96     117.456979         17 -42.795039          12 
414   J0749-68      .          117.44583           0 -68.76389            0 
415   J0750+57      slr+14     117.5               5 57.0                 3 

416   J0750-6846    kbj+18     117.64935           9 -68.77607            3 
417   J0751+1807    lzc95      117.78814721        6 18.1273573           3 
418   J0753-0816    mbc+19     118.38750           0 -8.32639             0 
419   B0751+32      dth78      118.66953           3 32.53228             6 
420   J0754-5403    ll0210     118.62             10 -54.053              7 

421   B0756-15      mlt+78     119.621128          3 -15.469094           6 
422   J0802-09      aac+18     120.5               5 -9.9                 5 
423   J0803+34      ttm18      120.8               4 34.3                 3 
424   J0803-0937    .          120.86186           0 -9.71411             0 
425   J0803-0942    clh+20     120.86187           6 -9.71411             4 

426   J0803-4927    ll0210     120.79             10 -49.456              7 
427   J0804-2426    pamb_jb    121.004             5 -24.4356             3 
428   J0804-3647    pamb       121.092511554      13 -36.7932071417       9 
429   J0805-2611    .          121.25696           0 -26.19363            0 
430   J0805-5402    SMi        121.4              10 -54.04               7 

431   J0806+08      dsm+13     121.52             13 8.28                14 
432   J0806-4123    hmz+04     121.59750          17 -41.37525           17 
433   J0807-5421    bbb+12     121.94660           4 -54.35735            3 
434   J0807-5611    .          121.95450           0 -56.19900            0 
435   J0808-3937    pamb       122.048493110       8 -39.6313848528       4 

436   J0808-5422    SDB        121.983            10 -54.342              7 
437   B0808-47      mlt+78     122.43287           3 -47.898650          17 
438   J0811+37      ttk+17     122.80              8 37.47                5 
439   J0811-5447    .          122.97121           0 -54.78953            0 
440   J0812-3905    pamb       123.061678565       3 -39.09692108333     14 

441   J0813+22      scb+19     123.47              5 22.02                5 
442   J0813-2943    .          123.28517           0 -29.72736            0 
443   B0809+74      cp68       123.74792           9 74.48492             4 
444   J0815+0939    clm+05     123.78657           4 9.66408             17 
445   J0815+4611    scb+19     123.997760          4 46.198122            6 

446   J0815-3914    .          123.84254           0 -39.24903            0 
447   J0816-5017    .          124.24846           0 -50.29914            0 
448   J0816-5618    SMi        124.2              10 -56.31               7 
449   J0817-3912    .          124.46700           0 -39.21553            0 
450   J0818-2547    LL         124.7              10 -25.79               7 

451   J0818-3049    bkl+13     124.7054           17 -30.8253            14 
452   J0818-3109    pamb       124.5438            5 -30.78722           17 
453   J0818-3232    mb0605     124.60806           3 -32.54181            4 
454   B0818-13      vl70       125.1099238         5 -13.8488497          6 
455   J0820-3826    pamb       125.2497139100     17 -38.44524558889      9 

456   J0820-3921    mb0705     125.20462          17 -39.36547           12 
457   B0818-41      mlt+78     125.06437           5 -41.24344            3 
458   J0821-4221    mb0705     125.435983         13 -42.357072          12 
459   J0821-4300    gh09       125.489022         13 -43.004743          12 
460   B0820+02      mlt+78     125.7907000         5 1.9867806            3 

461   J0823-4033    .          125.97542           0 -40.56444            0 
462   J0824+0028    dsm+13     126.1035009         3 0.4668242            6 
463   B0823+26      cls68      126.7146117         5 26.6225825           3 
464   J0827+53      scb+19     126.95              8 53.00                5 
465   B0826-34      mlt+78     127.06276           0 -34.28618            0 

466   J0831-4406    kbm+03     127.88512          13 -44.10331           12 
467   J0831-5234    .          127.96229           0 -52.57911            0 
468   J0833-3102    .          128.30042           0 -31.03486            0 
469   J0833-3339    LL         128.2              10 -33.66               7 
470   J0834-4159    kbm+03     128.574196          9 -41.993331           6 

471   J0834-60      ebvb01     128.71             17 -60.58               9 
472   J0835-3707    mlc+01     128.76283          13 -37.13097            9 
473   J0835-4232    MXB        129.078            10 -42.555              7 
474   B0833-45      lvm68      128.83588121        9 -45.17635419         9 
475   J0836-4233    bbb+12     129.02438          13 -42.55692            9 

476   B0834+06      phbc68     129.273508         13 6.17071              4 
477   J0837-24      bbj+11     129.43             13 -24.80              12 
478   B0835-41      lvw68      129.338335          3 -41.5873118         17 
479   J0838-2621    mb0705     129.578338         17 -26.358208          20 
480   J0838-3947    mlc+01     129.628             3 -39.7894            20 

481   J0839-66      mbc+19     129.90417           0 -66.58111            0 
482   B0839-53      mlt+78     130.14117           4 -53.543194          17 
483   B0840-48      mlt+78     130.522375          4 -48.85578            3 
484   J0843+0719    phmb       130.89092          17 7.3133               5 
485   J0843-5022    ebvb01     130.79118           4 -50.37864            3 

486   B0844-35      mlt+78     131.51928           4 -35.56281            3 
487   J0847-4316    mll+06     131.9889            3 -43.28244           20 
488   J0848+16      dsm+13     132.22             13 16.72               14 
489   B0841+80      dtws85     132.2563           13 80.4831              3 
490   J0849-6322    ebvb01     132.42746           9 -63.37639            3 

491   J0851-3431    ll0210     132.77             10 -34.533              7 
492   J0854-3638    .          133.61354           0 -36.63442            0 
493   B0853-33      mlt+78     133.91006           3 -33.52758            3 
494   J0855-4644    kbm+03     133.90075          13 -46.73706           14 
495   J0855-4658    kbm+03     133.8315            3 -46.9729             3 

496   J0855-4832    SDB        133.9              10 -48.55               7 
497   J0855-5720    SDB        133.8              10 -57.34               7 
498   B0855-61      mlt+78     134.24712           5 -61.63147            3 
499   J0857+3349    scb+19     134.27946           9 33.82139            17 
500   J0857-4424    lml+98     134.482633          9 -44.402958           6 

501   J0857-5426    SDB        134.3              10 -54.44               7 
502   J0900-3144    bjd+06     135.1831402         5 -31.7419175          4 
503   J0901-4624    mlc+01     135.41717          13 -46.41347           14 
504   B0901-63      mlt+78     135.6350            5 -63.42000           20 
505   J0903-4107    SDB        135.8              10 -41.12               7 

506   B0903-42      mlt+78     136.24667           4 -42.77056            3 
507   J0904-6022    ll0210     136.266            10 -60.264              7 
508   B0904-74      mlt+78     136.04500          13 -74.99522            3 
509   J0905-4536    mld+96     136.3496            3 -45.61472           14 
510   J0905-5127    mld+96     136.46650           9 -51.465014           6 

511   J0905-6019    bbb+12     136.31352           3 -60.322794           9 
512   B0905-51      mlt+78     136.816250         13 -51.966458           6 
513   B0906-17      mlt+78     137.159092          5 -17.660464           9 
514   J0908-2848    LL         137.0              10 -28.80               7 
515   J0908-3937    LL         137.2              10 -39.62               7 

516   B0906-49      dmd+88     137.14771           5 -49.218292           3 
517   J0908-6636    LL         137.1              10 -66.61               7 
518   B0909-71      mlt+78     137.40000          13 -72.202333           3 
519   B0904+77      th69       138                 3 77.5                 9 
520   J0912-3848    SBS        138.219            10 -38.833              7 

521   J0912-3851    bbj+11     138.17792           9 -38.8508             3 
522   J0915-6031    ll0210     138.82             10 -60.527              7 
523   J0915-6350    SMi        138.9              10 -63.84               7 
524   J0918-6650    ll0210     139.57             10 -66.838              7 
525   J0919-42      bcm+15     139.8              10 -42.0                7 

526   J0919-5010    .          139.92292           0 -50.17806            0 
527   J0919-6040    bbb+12     139.8661            3 -60.68067            9 
528   J0919-6047    SDB        139.937            10 -60.709              7 
529   B0917+63      dtws85     140.30890           7 62.90386             4 
530   B0919+06      mlt+78     140.558425         17 6.63981              5 

531   J0922-4949    mlc+01     140.56234           6 -49.82002            3 
532   J0922-52      mlb+12     140.50000           0 -52.00000            0 
533   J0923-31      bb10       141.0               3 -31.9                3 
534   J0924-4016    LL         141.03571           0 -40.27908            0 
535   B0922-52      mlt+78     141.036208         17 -53.04561            9 

536   B0923-58      mlt+78     141.12917           5 -58.235111           3 
537   J0927+2345    rtj+96     141.9386            3 23.7530              4 
538   J0928+06      dsm+13     142.18             13 6.23                14 
539   J0928+30      ttol16     142.25              5 30.63                5 
540   J0930-2301    kmk+18     142.5117            4 -23.0292             3 

541   J0931-1902    abb+15     142.82969           3 -19.04860            4 
542   J0932-3217    ebvb01     143.1631            3 -32.2873             3 
543   J0932-5327    lfl+06     143.0952            6 -53.4531             5 
544   J0934-4154    ebvb01     143.74250          13 -41.90542            9 
545   B0932-52      mlt+78     143.61792           3 -52.824222          14 

546   J0935+33      ttk+17     143.78              5 33.18                5 
547   J0938-4214    .          144.53833           0 -42.24367            0 
548   J0940-5428    mlc+01     145.24258          17 -54.47794            9 
549   J0941-39      bb10       145.379630933       5 -39.56558050833      3 
550   J0941-5244    mld+96     145.42145           3 -52.734578          14 

551   B0940-55      wvl69      145.5648            3 -55.88202           14 
552   B0941-56      mlt+78     145.72692           4 -56.962067          17 
553   B0940+16      mlt+78     145.8754            7 16.5269             17 
554   J0943+2253    tdk+93     145.884990          5 22.884906           12 
555   J0944+4106    slr+14     146.075577         18 41.10126             3 

556   B0942-13      mlt+78     146.120650          5 -13.911564           9 
557   J0945-4833    kbm+03     146.40939           3 -48.554028          14 
558   B0943+10      vazs69     146.532             4 9.865               10 
559   J0947+2740    rtj+96     146.83870           8 27.67875             6 
560   J0949-6900    ll0210     147.377            10 -69.036              7 

561   J0949-6902    bbb+12     147.33570           3 -69.044889           9 
562   J0951-71      mbc+19     147.85000           0 -71.31694            0 
563   J0951-7119    LL         147.85258           0 -71.31697            0 
564   J0952-0607    bph+17     148.0346725         3 -6.1231917           6 
565   B0950-38      mlt+78     148.0717            5 -38.6528             3 

566   B0950+08      phbc68     148.288790          8 7.92660              3 
567   J0954-5430    mlc+01     148.52519           3 -54.514672          12 
568   B0953-52      mlt+78     148.872917          5 -53.071306           3 
569   J0955-61      ckr+15     148.8               3 -61.80              12 
570   J0955-6150    .          148.83686           0 -61.83803            0 

571   J0956-6744    SMi        149.1              10 -67.73               7 
572   J0957-06      kkl+15     149.2               5 -6.3                 6 
573   J0957-5432    mlc+01     149.48337          13 -54.53442           14 
574   B0957-47      mlt+78     149.86              4 -48.1632            20 
575   J1000+08      mbc+19     150.15833           0 8.33278              0 

576   J1000-5149    kbm+03     150.11725           3 -51.832811          20 
577   B0959-54      wvl69      150.4079            3 -55.11856           14 
578   J1001-5559    mlc+01     150.28583          13 -55.98339            9 
579   J1001-5939    lfl+06     150.3843            6 -59.65494           20 
580   J1002-5559    mlc+01     150.7413           13 -55.9936            14 

581   J1002-5918    CN         150.572            10 -59.337              7 
582   J1002-5919    ncb+15     150.5854            3 -59.32700           17 
583   B1001-47      mlt+78     150.839737          5 -47.7837340          6 
584   J1005+30      ttm+18     151.38             17 30.2                 3 
585   J1006-4421    LL         151.61100           0 -44.35272            0 

586   J1006-6311    lml+98     151.65250           9 -63.19478            6 
587   J1006-6826    LL         151.5              10 -68.44               7 
588   J1010+15      dsm+13     152.50             13 15.85               14 
589   J1012+5307    nll+95     153.13932598        5 53.11730077          4 
590   B1010-23      mlt+78     153.14053          14 -23.63956           17 

591   J1012-4235    ckr+15     153.05             15 -42.5982            20 
592   J1012-5830    kbm+03     153.2288            5 -58.5071             3 
593   B1011-58      jlm+92     153.20208           3 -58.961111           9 
594   J1013-5934    kbm+03     153.382725          9 -59.574083           3 
595   J1014-48      bbj+11     153.58             18 -48.83              12 

596   J1015-5719    kbm+03     153.90817          17 -57.32022            6 
597   B1014-53      mlt+78     154.130000         17 -53.753833           9 
598   J1016-5819    mlc+01     154.050296          9 -58.31696            5 
599   J1016-5857    cbm+01     154.08817           5 -58.95336            3 
600   J1017+3011    scb+19     154.40121          13 30.19614            12 

601   B1015-56      mlt+78     154.303583         13 -56.358528           9 
602   J1017-7156    sdb0510    154.46386835        9 -71.94490166         4 
603   B1016-16      dtws85     154.66819          10 -16.70282           14 
604   J1018-4411    LL         154.69350           0 -44.18647            0 
605   J1018-6335    SDB        154.7              10 -63.60               7 

606   J1019-5749    kbm+03     154.96725          17 -57.81831           14 
607   J1020-5921    kbm+03     155.0585            4 -59.3594             3 
608   J1020-6026    lfl+06     155.0475            8 -60.4351             4 
609   J1021-5601    hfs+04     155.3534            7 -56.0308             4 
610   J1022+1001    cnst96     155.7417420         5 10.0314566           6 

611   J1022-5813    kbm+03     155.6171            9 -58.2250            12 
612   J1023+0038    asr+09     155.94869667       13 0.64467931          14 
613   J1023-5746    sdz+10     155.762             3 -57.7681             6 
614   J1024-0719    bjb+97     156.16120           0 -7.32199             0 
615   J1025-5449    CN         156.47417           0 -54.82989            0 

616   J1028-5819    kjk+08     157.1167            5 -58.3181             5 
617   J1029-7409    LL         157.35150           0 -74.15858            0 
618   J1031-6117    kbm+03     157.7593            3 -61.29739            9 
619   J1032-5206    hfs+04     158.1154            3 -52.10236           17 
620   B1030-58      mlt+78     158.020317          5 -59.19856            3 

621   J1034-3224    mld+96     158.57756           0 -32.40954            0 
622   J1035-6345    kbm+03     158.76283           5 -63.755114          17 
623   J1035-6720    cpw+18     158.864489          5 -67.3368588         17 
624   J1036-4926    mld+96     159.05467           3 -49.43922            3 
625   J1036-6559    bbb+12     159.08350           9 -65.985908          17 

626   J1036-6600    ll0410     159.082            10 -65.974              7 
627   J1036-8317    ckr+15     159.169            17 -83.2989            20 
628   J1038+0032    mb0605     159.61222           4 0.54544              9 
629   B1036-58      jlm+92     159.58208           5 -58.52422            3 
630   B1039-19      mlt+78     160.40082           3 -19.70378            4 

631   B1039-55      mlt+78     160.502542          4 -55.3515278         17 
632   J1042-6317    .          160.51958           0 -63.29406            0 
633   J1043-6116    kbm+03     160.980254          9 -61.280767           6 
634   J1044-5737    sdz+10     161.1367            5 -57.6220             3 
635   J1045-4509    bhl+94     161.45912213       13 -45.16503952        12 

636   J1046+0304    bjd+06     161.6802            4 3.0687               8 
637   B1044-57      mlt+78     161.57863           9 -58.23106            3 
638   J1047-3032    lml+98     161.75339           6 -30.53833            7 
639   J1047-6709    lml+98     161.867842          9 -67.164185           3 
640   J1048+2339    cck+16     162.1809096         9 23.6648364          20 

641   B1046-58      jlm+92     162.051             5 -58.535              3 
642   J1048-5838    kle+10     162.05234           6 -58.63862            3 
643   J1049-5833    mlc+01     162.4597            4 -58.5624             5 
644   J1050-5953    scs86      162.5297            3 -59.88928           20 
645   J1052-5954    kbm+03     163.1588            3 -59.91225           14 

646   J1052-6348    hfs+04     163.2225            3 -63.80461            9 
647   J1054-5545    .          163.73550           0 -55.76422            0 
648   J1054-5943    kbm+03     163.74062          17 -59.72058           14 
649   J1054-5944    LL         163.5              10 -59.73               7 
650   J1054-5946    bbb+12     163.62692           5 -59.77528            3 

651   J1054-6452    hfs+04     163.5368            7 -64.8771             3 
652   J1055-6022    hfs+04     163.9521           17 -60.3811             9 
653   J1055-6028    kel+09     163.91329           9 -60.47708            6 
654   J1055-6032    .          163.9088            9 -60.5308             6 
655   J1055-6236    kbm+03     163.9775            3 -62.61342           12 

656   J1055-6905    ebvb01     163.9363            4 -69.08650           12 
657   J1056-5709    mlc+01     164.1825            5 -57.1596             4 
658   B1054-62      mlt+78     164.106458         13 -62.979889           6 
659   J1056-7117    nbb+14     164.191583         17 -71.298165           4 
660   J1056-7118    .          164.1915857500      5 -71.298165067        3 

661   J1057-4754    ebvb01     164.47141           3 -47.91600            3 
662   B1055-52      vl72       164.495688          9 -52.448961           6 
663   J1057-5851    cwp+17     164.2896            9 -58.8519             6 
664   B1056-78      mlt+78     164.3642            5 -79.24006            9 
665   J1058-4928    .          164.59050           0 -49.47331            0 

666   J1058-5957    kbm+03     164.64271          13 -59.96011            9 
667   J1059+6459    slr+14     164.8646           12 64.9922              6 
668   B1056-57      mlt+78     164.7537500        17 -57.703944           9 
669   J1101-6101    htg+14     165.4373            4 -61.02767           20 
670   J1101-6424    ncb+15     165.404968          3 -64.4109256          6 

671   J1101-6425    CN         165.40488           0 -64.41103            0 
672   J1102-6746    ll0310     165.51             10 -67.781              7 
673   J1103-5355    .          165.8887265167      5 -54.062012606        3 
674   J1103-5403    kjr+11     165.888725         13 -54.062013           5 
675   J1103-5548    LL         166.0              10 -55.82               7 

676   J1103-6025    kbm+03     165.88117           9 -60.42677            3 
677   J1104-6103    kmj+96     166.07192           5 -61.05108            3 
678   J1105-4353    bbb+12     166.3535            5 -43.8847             9 
679   J1105-4357    .          166.34833           0 -43.95028            0 
680   J1105-4837    .          166.41000           0 -48.62217            0 

681   J1105-6037    cwp+17     166.25200          17 -60.62119            9 
682   J1105-6107    kbm+97     166.35904           5 -61.130944          20 
683   J1106-6438    hfs+04     166.6185            6 -64.65000           17 
684   J1107-5907    lfl+06     166.89358          17 -59.12186            9 
685   B1105-59      mlt+78     166.9946           13 -59.7844             9 

686   J1107-6143    kbm+03     166.8012            9 -61.7331             9 
687   J1110+58      slr+14     167.7               8 58.9                 3 
688   B1107-56      jlm+92     167.501667          3 -56.625806          12 
689   J1112-6103    mlc+01     168.06171          17 -61.05864           17 
690   B1110-65      mlt+78     168.160542         17 -66.2180000          6 

691   B1110-69      mlt+78     168.21250           5 -69.441944          17 
692   J1113-6641    .          168.32100           0 -66.69947            0 
693   B1112-60      jlm+92     168.5945            3 -61.00892            9 
694   B1112+50      fss73      168.91000           3 50.503414           14 
695   J1115-0956    .          168.86425           7 -9.94754            11 

696   J1115-6052    mlc+01     168.973842         17 -60.871836           9 
697   J1116-10      .          168.92917           0 -9.92861             0 
698   J1116-2444    kmk+18     169.09692          13 -24.74892           14 
699   B1114-41      mlt+78     169.17953           5 -41.37888            3 
700   J1117-6154    kbm+03     169.3492            4 -61.9061             3 

701   J1117-6447    kbm+03     169.4375           17 -64.7994             6 
702   J1119-6127    ckl+00     169.80958           9 -61.46375            6 
703   B1118-79      mlt+78     169.9200           13 -79.6084             3 
704   J1120-24      .          170.04167           0 -23.64750            0 
705   J1120-3618    rb13       170.0933            4 -36.3089             7 

706   B1119-54      mlt+78     170.32995           5 -54.73486            3 
707   J1122-3546    mss+20     170.50000           0 -35.76667            0 
708   J1123-4844    lml+98     170.815213          9 -48.739653          12 
709   J1123-6102    mlc+01     170.9237            3 -61.03506            9 
710   J1123-6259    lml+98     170.98145           5 -62.98632            3 

711   J1123-6651    lml+98     170.96754           3 -66.863631           6 
712   J1124-3653    hrm+11     171.00465           0 -36.88864            0 
713   J1124-5638    kbm+03     171.2353            3 -56.64436           14 
714   J1124-5803    .          171.00300           0 -58.06447            0 
715   J1124-5916    cmg+02     171.162917          3 -59.2722222          9 

716   J1124-6421    kbm+03     171.2479            5 -64.3547             3 
717   J1125+7819    slr+14     171.499332          2 78.3301980           5 
718   J1125-5825    kjv+10     171.4348558312      5 -58.421355589        3 
719   J1125-6014    fsk+04     171.4800750        17 -60.2351689         12 
720   J1125-6718    .          171.25050           0 -67.30331            0 

721   J1126-27      kkl+15     171.5               5 -27.6                6 
722   J1126-38      kbj+18     171.59             13 -38.6436            20 
723   B1124-60      jlm+92     171.71920           5 -60.911100          20 
724   J1126-6942    lml+98     171.59025          17 -69.70439            3 
725   J1128-6219    kbm+03     172.1946            9 -62.3192             6 

726   J1129-53      bb10       172.34             15 -53.5                3 
727   J1130-5826    kbm+03     172.56804          13 -58.43397            9 
728   J1130-5925    mlc+01     172.5435            5 -59.42614           20 
729   J1130-6807    lml+98     172.632971         13 -68.124589           6 
730   J1132+25      ttm18      173.21             13 25.2                 3 

731   J1132-4655    MB         173.06045           0 -47.00997            0 
732   J1132-4700    bbb+12     173.06050          13 -47.01014            9 
733   J1132-5627    kbm+03     173.06558          17 -56.45803           20 
734   J1132-7134    LL         173.1              10 -71.57               7 
735   B1131-62      jlm+92     173.4644            3 -62.84739           12 

736   J1135-49      bbj+11     173.98             18 -49.43              12 
737   J1135-6055    sbd+11     173.75000           0 -60.91667            0 
738   B1133+16      phbc68     174.0135321         5 15.8512444           3 
739   B1133-55      mlt+78     174.00904           9 -55.41897            6 
740   J1136-6527    ccb+20     174.1051            3 -65.45542            9 

741   J1136-6533    .           174.078            10 -65.508              7 
742   J1137+7528    san16      174.2585721        17 75.46730864         14 
743   J1137-6700    lml+98     174.38370           5 -67.00917            3 
744   J1138-6207    mlc+01     174.59008          13 -62.13314            9 
745   J1140-6410    .           175.09650           0 -64.17228            0 

746   J1141-3107    mld+96     175.35679           5 -31.13128            6 
747   J1141-3322    lml+98     175.426465          9 -33.379772          14 
748   J1141-6545    klm+00a    175.2792583         9 -65.7553025          5 
749   J1142+0119    san16      175.708937         13 1.32658              3 
750   J1142-5539    ll0310     175.773            10 -55.586              7 

751   J1142-6230    mlc+01     175.7188           13 -62.5011             3 
752   J1143-5158    mld+96     175.81277           3 -51.977747          14 
753   J1143-5536    bbb+12     175.79079           9 -55.60125            3 
754   J1144-6146    mlc+01     176.1450           13 -61.7803             9 
755   J1144-6217    mlc+01     176.0088            3 -62.29175           12 

756   B1143-60      mlt+78     176.5322500         5 -60.516500           3 
757   J1147-6346    CN         176.93333           0 -63.77639            0 
758   J1147-66      mlb+12     176.75000           0 -66.00000            0 
759   J1148-5725    lfl+06     177.1189            8 -57.4202             5 
760   J1148-6415    kbm+03     177.157             3 -64.2592             9 

761   J1151-6108    ncb+15     177.98692           9 -61.13822            9 
762   J1152-5800    hfs+04     178.0417           17 -58.0094            12 
763   J1152-6012    kbm+03     178.2242            5 -60.2058             3 
764   J1152-6111    CN         177.98692           0 -61.13830            0 
765   J1153-21      kkl+15     178.2               5 -21.3                6 

766   J1154-6250    kbm+03     178.5837            5 -62.83408           20 
767   J1156-5707    hfs+04     179.0310            3 -57.11725           17 
768   J1156-5909    lml+98     179.0896            5 -59.15342            9 
769   J1157-5112    eb01       179.284025          5 -51.215594           9 
770   B1154-62      lvw69b     179.31350           3 -62.414131          14 

771   J1159-5548    .          179.94000           0 -55.80153            0 
772   J1159-6409    kbm+03     179.8404            5 -64.1658             3 
773   J1159-7348    SMi        179.8              10 -73.81               7 
774   J1159-7910    lml+98     179.8988            4 -79.16822            9 
775   J1201-4547    ap09012    180.267            10 -45.796              7 

776   J1201-4912    LL         180.4              10 -49.23               7 
777   J1201-6306    kbm+03     180.34588           5 -63.1165             3 
778   B1159-58      mlt+78     180.61835           3 -58.342611          14 
779   J1203-4827    LL         180.81900           0 -48.46661            0 
780   J1203-6243    .          180.92417           0 -62.71900            0 

781   J1204-6843    ebvb01     181.15300           5 -68.72144            3 
782   J1204-7248    SMi        181.0              10 -72.82               7 
783   J1207-4508    .          181.82994          12 -45.13628           15 
784   J1207-5050    rap+12     181.84088          17 -50.8418             4 
785   J1208-45      .          181.92500           0 -45.17861            0 

786   J1208-6238    cpw+16     182.0582            3 -62.63425           12 
787   J1210-5226    fmc0102    182.5037            5 -52.4406             3 
788   J1210-5559    mld+96     182.52495000        9 -55.98442222         6 
789   J1210-6322    ccb+20     182.6949            5 -63.37247           17 
790   J1210-6550    hfs+04     182.6750           13 -65.8346             6 

791   J1211-6318    .          182.69647           0 -63.37177            0 
792   J1211-6324    kbm+03     182.8508            3 -63.41256           14 
793   J1212-4919    LL         183.08100           0 -49.33322            0 
794   J1214-5830    kbm+03     183.53508           9 -58.50719            3 
795   J1215-5328    ebvb01     183.7526            3 -53.47544           20 

796   J1216-50      bbj+11     184.08             19 -50.45              12 
797   J1216-6223    mlc+01     184.1748            6 -62.39917            3 
798   J1216-6410    fsk+04     184.030582          4 -64.169229           3 
799   J1220-6318    mlc+01     185.0744            6 -63.3129             3 
800   J1220-6526    .          185.13333           0 -65.44925            0 

801   J1222-5738    kbm+03     185.7179           13 -57.6389             3 
802   J1222-6124    ll0310     185.62             10 -61.407              7 
803   J1222-6149    ll0310     185.55             10 -61.826              7 
804   J1223-5856    ccb+20     185.91725          13 -58.94692            6 
805   J1223-5857    .          185.91744           0 -58.94693            0 

806   J1224-6208    mlc+01     186.1844            4 -62.14475           20 
807   B1221-63      kac+73     186.09275           3 -64.131597          12 
808   J1225-5556    mld+96     186.432613         17 -55.945317          12 
809   J1225-6035    kbm+03     186.3693            3 -60.59378            9 
810   B1222-63      mlt+78     186.4283            9 -64.1453             3 

811   J1226+0005    scb+19     186.5600            9 0.0956              20 
812   J1226-3223    bb10       186.69428          17 -32.3836             3 
813   J1226-6202    .          186.75184           0 -62.14550            0 
814   J1227-4853    rrb+15     186.994661          5 -48.8951914          9 
815   J1227-6208    btb+15     186.7518401        17 -62.1454962          9 

816   J1227-63      ncb+15     186.80             13 -63.15              12 
817   J1228-6308    CN         186.80267           0 -63.16181            0 
818   J1231-1411    rrc+11     187.797138          3 -14.195453           6 
819   J1231-4609    jbo+09     187.9407            6 -46.16256            9 
820   J1231-6303    kbm+03     187.8042            5 -63.0550             3 

821   J1231-7015    SDB        187.8              10 -70.27               7 
822   J1232-4742    ebvb01     188.0796            9 -47.7141             5 
823   J1232-6501    clm+01     188.07433           3 -65.017592          12 
824   J1233-6312    kbm+03     188.381             4 -63.2081            14 
825   J1233-6344    kbm+03     188.4162            5 -63.7486             3 

826   J1234-3630    kmk+18     188.55000           9 -36.51142            3 
827   J1234-37      .          188.46250           0 -36.58139            0 
828   B1232-55      mlt+78     188.829            13 -54.95               9 
829   J1235-6354    kbm+03     188.9905            4 -63.90844           12 
830   J1236-0159    scb+19     189.010             3 -1.986               6 

831   J1236-5033    ebvb01     189.24646           5 -50.56008            3 
832   J1237-6725    kbm+03     189.3579            5 -67.42608           17 
833   J1237-7645    LL         189.43950           0 -76.76500            0 
834   J1238+2152    rtj+96     189.5966            4 21.8697              4 
835   J1238-6223    CN         189.67650           0 -62.38506            0 

836   B1237+25      lan69      189.918589          5 24.897025            6 
837   J1239-48      brs+19     189.75000           0 -48.00000            0 
838   J1239-6728    SDB        189.4              10 -67.46               7 
839   B1236-68      mlt+78     189.99583           9 -68.54103            3 
840   B1237-41      mlt+78     190.07338          17 -41.41436           20 

841   J1242+39      ttol16     190.64             17 39.63               17 
842   J1243+17      ttk+17     190.75000           0 17.86667             0 
843   J1243-5735    kbm+03     190.8974            3 -57.59522           14 
844   B1240-64      lvw69a     190.821304          5 -64.389950           3 
845   J1244-18      .          191.06667           0 -18.28639            0 

846   J1244-1812    .          191.1075            3 -18.2043             3 
847   J1244-5053    ebvb01     191.04783           5 -50.88906            3 
848   J1244-6359    ncb+15     191.19872           8 -63.99650            9 
849   J1244-6402    .          191.19846           0 -63.99668            0 
850   J1244-6530    .          191.1600            5 -65.5200             3 

851   J1244-6531    kel+09     191.1596            9 -65.5200             6 
852   J1245-6238    mlc+01     191.3380            6 -62.6489             3 
853   J1246+2253    tdk+93     191.70568           3 22.89535             3 
854   J1248-6344    kbm+03     192.1932            3 -63.73600           14 
855   J1248-6444    ncb+15     192.13696           9 -64.7333             3 

856   J1248-6450    CN         192.06612           0 -64.72242            0 
857   J1249-6507    kbm+03     192.4763            4 -65.12217           20 
858   J1250-5227    LL         192.7              10 -52.46               7 
859   J1251-7407    bbb+12     192.97058           5 -74.12084            3 
860   J1252-6314    mlc+01     193.1776            5 -63.24242           17 

861   J1253-5820    mld+96     193.368092          9 -58.344692           6 
862   J1253-7408    SDB        193.046            10 -74.148              7 
863   J1254-6150    kbm+03     193.6353            3 -61.84744            9 
864   J1255-46      bcm+15     193.8              10 -46.0                7 
865   J1255-5252    LL         193.9              10 -52.88               7 

866   J1255-6131    kbm+03     193.97858          17 -61.51947           12 
867   J1255-62      ncb+15     193.82             13 -62.80              12 
868   J1255-6247    CN         193.838            10 -62.811              7 
869   B1254-10      dtws85     194.2704200         9 -10.4519748          6 
870   J1259-6602    .          195.11297           0 -66.03789            0 

871   B1256-67      mlt+78     194.84433           5 -67.694519          17 
872   B1257+12      wol90a     195.0149029         5 12.68235336          9 
873   J1300-6602    ccb+20     195.11221          13 -66.03800            6 
874   J1301+0833    rap+12     195.40942           0 8.56597              0 
875   J1301-6305    mlc+01     195.4407            6 -63.0927             4 

876   J1301-6310    kbm+03     195.3679            3 -63.17792           14 
877   J1302-32      hrm+11     195.50000           0 -32.00000            0 
878   J1302-3258    .          195.60636           0 -32.97690            0 
879   J1302-63      nj98       195.52              4 -63.748             17 
880   J1302-6313    kbm+03     195.580             3 -63.2247            12 

881   B1259-63      jlm+92     195.69854           5 -63.83575            3 
882   J1303+38      scb+19     195.82              8 38.22                5 
883   J1303-6305    mlc+01     195.7501           10 -63.0836             5 
884   J1305-6203    mlc+01     196.3381            5 -62.05585            3 
885   J1305-6256    mlc+01     196.3667           17 -62.9442             9 

886   B1302-64      mlt+78     196.34779           9 -64.92458            3 
887   J1305-66      kek+13     196.40             13 -66.65              12 
888   J1306-40      .          196.80417           0 -40.50333            0 
889   J1306-4035    kbj+18     196.73333           9 -40.58972            6 
890   J1306-6242    kbm+03     196.6858            5 -62.7008             3 

891   B1303-66      jlm+92     196.65883           5 -66.28922            3 
892   J1307-6318    mlc+01     196.978             3 -63.3097            12 
893   J1307-67      kkl+11     196.9               3 -67.06              12 
894   J1308+2127    hhss02     197.20112           5 21.451883           14 
895   J1308-4650    jbo+09     197.18579           8 -46.84158           12 

896   J1308-5844    lfl+06     197.08783          13 -58.73717           12 
897   J1309-6415    mlc+01     197.319             3 -64.2664            14 
898   J1309-6526    kbm+03     197.2512            4 -65.43794           14 
899   B1309-12      dtws85     197.96937           5 -12.46712           12 
900   J1311-3430    pgf+12     197.9405175         9 -34.5084306         12 

901   J1311-5108    LL         197.9              10 -51.15               7 
902   J1311-7419    SMi        197.9              10 -74.33               7 
903   J1312+0051    san16      198.1943430         4 0.8500289            9 
904   B1310+18      kapw91     198.23              9 18.17                9 
905   B1309-53      mlt+78     198.019617          9 -54.04514            6 

906   B1309-55      mlt+78     198.22305           4 -55.27981            3 
907   J1312-6400    mlc+01     198.0298            5 -64.0154             3 
908   J1313+0931    lzb+00     198.3458            5 9.5322               3 
909   J1314-6101    kbm+03     198.597             4 -61.0211            17 
910   J1316-6232    cmk01      199.1929            9 -62.53672           14 

911   J1317-5759    mll+06     199.44287          13 -57.99181            9 
912   J1317-6302    mlc+01     199.4362            3 -63.04783           17 
913   J1319-5441    ll0210     199.94             10 -54.684              7 
914   B1316-60      jlm+92     199.83437           3 -60.946331          17 
915   J1319-6105    kbm+03     199.85967           9 -61.09061            3 

916   J1320+67      slr+14     200.0               8 67.5                 3 
917   J1320-3512    mld+96     200.05283          17 -35.2072             3 
918   B1317-53      mlt+78     200.224671         13 -53.984722          12 
919   B1322+83      dbtb82     200.440131          3 83.3942867           3 
920   J1321-5922    kel+09     200.4148            3 -59.38114           20 

921   J1321-5926    .          200.4162            9 -59.3794             9 
922   J1322-62      kek+13     200.72             13 -62.85              12 
923   J1322-6241    mlc+01     200.6340            5 -62.6982             3 
924   J1322-6329    kbm+03     200.5750            9 -63.4936             6 
925   J1324-6146    kbm+03     201.183             3 -61.7667             9 

926   J1324-6302    kbm+03     201.0569            3 -63.03919           17 
927   J1325-4914    ll0210     201.48             10 -49.235              7 
928   J1326+33      ttm18      201.7               3 33.8                 4 
929   J1326-4728A   .          201.66529           0 -47.50323            0 
930   J1326-4728B   .          201.70652           0 -47.49017            0 

931   B1323-58      mlt+78     201.74257           3 -58.991469          14 
932   B1323-63      mlt+78     201.636            13 -64.1456             3 
933   B1322-66      mlt+78     201.51333           9 -67.01417            6 
934   J1327-0755    blr+13     201.989950          5 -7.924944           12 
935   B1323-62      kac+73     201.82157           4 -62.379294          17 

936   B1323-627     jlm+92     201.7809667        13 -63.020975           6 
937   J1327-6400    mlc+01     201.7928            5 -64.00364           17 
938   B1325-43      mlt+78     202.02680           5 -43.96226            3 
939   B1325-49      mlt+78     202.13992          17 -49.35928           20 
940   J1329+13      ttm+18     202.2               5 13.7                 4 

941   J1329-6158    kbm+03     202.264             3 -61.9831            17 
942   J1330-5251    .          202.73150           5 -52.76897            3 
943   J1331-5245    kjv+10     202.75004          17 -52.75706           14 
944   J1332-03      kkl+15     203.0               5 -3.4                 6 
945   J1332-3032    lml+98     203.2187            3 -30.5381             5 

946   J1333-4449    jbo+09     203.43679           3 -44.82395            3 
947   J1334+10      scb+19     203.63              5 10.08                5 
948   J1334-5839    mld+96     203.625455          4 -58.654596           3 
949   J1334-6045    ll0310     203.57             10 -60.757              7 
950   J1335-3642    mld+96     203.90              9 -36.70               7 

951   J1336+33      ttm+18     204.0               5 33.8                 3 
952   J1336-2522    kmk+18     204.08683           9 -25.36711           14 
953   J1336-4744    .          204.22950           0 -47.74569            0 
954   J1337-44      .          204.28750           0 -44.73111            0 
955   J1337-4441    kbj+18     204.36568           4 -44.69507            5 

956   J1337-6306    hfs+04     204.3348            3 -63.10647            9 
957   J1337-6423    kjb+12     204.3828481779      5 -64.384698808        3 
958   B1334-61      jlm+92     204.53853           3 -62.07186           14 
959   J1339-4712    jbo+09     204.985786          8 -47.201533           9 
960   J1339-6618    kbm+03     204.9858            9 -66.30217           20 

961   B1336-64      mlt+78     205.0013            3 -64.94525            9 
962   J1341-6023    mlc+01     205.28071          13 -60.39297           14 
963   B1338-62      mdt85      205.4276            4 -62.33908           14 
964   J1342+2822A   hrs+07     205.54583           0 28.37556             0 
965   J1342+2822B   hrs+07     205.5461962         5 28.3778169           6 

966   J1342+2822C   hrs+07     205.54583           0 28.37556             0 
967   J1342+2822D   hrs+07     205.542             3 28.377               5 
968   J1342-5930    LL         205.7              10 -59.51               7 
969   J1343+6634    mhl+18     205.99692           9 66.57362             3 
970   J1344-5855    ccb+20     206.22104          13 -58.92355            5 

971   J1344-6059    kbm+03     206.1650           13 -60.9919             9 
972   J1345-5850    .          206.270            10 -58.904              7 
973   J1345-6115    mlc+01     206.4351            8 -61.2585             5 
974   J1346-4918    bbb+12     206.59312           9 -49.30200            3 
975   J1346-4927    .          206.617            10 -49.283              7 

976   J1347-5947    mlc+01     206.83075          17 -59.79439           14 
977   J1348-6307    mlc+01     207.1767           17 -63.1178            12 
978   J1349-6130    mlc+01     207.4026            8 -61.50476            5 
979   J1349-63      ncb+15     207.32             13 -63.93              12 
980   J1349-6356    CN         207.32312           0 -63.97497            0 

981   J1350-5115    lml+98     207.567329          9 -51.256822           9 
982   J1350-6225    cwp+17     207.68521           5 -62.42883            3 
983   J1351-5007    .          207.92708           0 -50.12769            0 
984   J1352-5608    MB         208.05750           0 -56.14189            0 
985   J1352-6803    ebvb01     208.144            17 -68.0603            12 

986   J1354-6249    kbm+03     208.646             5 -62.8250            20 
987   B1352-51      mlt+78     208.994550          9 -51.898319           6 
988   J1355-5747    lfl+06     208.9040            7 -57.7875             9 
989   J1355-5925    kbm+03     208.9963            3 -59.41692            9 
990   J1355-6206    kbm+03     208.8389            3 -62.10558           14 

991   J1356-5521    mld+96     209.21066           3 -55.353600          14 
992   B1353-62      kac+73     209.23085          19 -62.50191            8 
993   J1357-6429    lfl+06     209.26012           9 -64.49172            3 
994   J1358-2533    mld+96     209.67              7 -25.55               5 
995   B1356-60      mlt+78     209.99              4 -60.636              3 

996   J1400+21      ttm18      210.08             13 21.4                 3 
997   J1400-1431    rsm+13     210.1541817         7 -14.5297348         17 
998   J1400-4041    .          210.01667           0 -40.69583            0 
999   J1400-6325    rmg+09     210.1945            5 -63.42850           20 
1000  B1358-63      mlt+78     210.46867           5 -63.96265            3 

1001  B1359-51      vl70       210.7333            9 -50.362             14 
1002  J1403-0314    mbc+19     210.92083           0 -3.25778             0 
1003  J1403-6310    kbm+03     210.8083            9 -63.1742             3 
1004  J1403-7646    lml+98     210.7671            9 -76.78264           17 
1005  J1404+1159    cha03      211.15411           4 11.98778             6 

1006  J1405-42      .          211.45417           0 -42.56167            0 
1007  J1405-4656    btb+15     211.339273          4 -46.933975           3 
1008  J1405-5641    lfl+06     211.30171          17 -56.69006           20 
1009  J1406-4233    kbj+18     211.52005          13 -42.55570            8 
1010  J1406-4656    .          211.4642740938      5 -46.933966181        3 

1011  J1406-5806    kbm+03     211.5050            9 -58.1089             3 
1012  J1406-6121    mlc+01     211.7085            3 -61.35775           17 
1013  J1407-6048    mlc+01     211.9943            6 -60.8163             4 
1014  J1407-6153    mlc+01     211.985             3 -61.8997            17 
1015  J1407-7126    LL         211.9              10 -71.44               7 

1016  J1409-6953    bbb+12     212.3204            5 -69.89289           14 
1017  J1409-6954    LL         212.2              10 -69.91               7 
1018  J1410-6132    mmsurv     212.598            17 -61.5356             3 
1019  J1410-7227    ll0310     212.50             10 -72.464              7 
1020  J1410-7404    eb01b      212.53071           3 -74.081478           6 

1021  J1411+2551    msf+17     212.828608         13 25.852331           20 
1022  J1412+7922    zhi+11     213.23278          16 79.36775             3 
1023  J1412-6111    mlc+01     213.2484            6 -61.19181           20 
1024  J1412-6145    mlc+01     213.0318            5 -61.75791            3 
1025  J1413-6141    kbm+03     213.2911            4 -61.6869             3 

1026  J1413-6205    sdz+10     213.3746            5 -62.0939             3 
1027  J1413-6222    mlc+01     213.2728            4 -62.3744             4 
1028  B1409-62      jlm+92     213.38048           4 -63.126514          20 
1029  J1414-6802    ebvb01     213.6071            5 -68.0494             3 
1030  J1415-6621    ebvb01     213.88029          13 -66.35339            9 

1031  J1416-5033    bbb+12     214.1858            9 -50.5547             9 
1032  J1416-6037    mlc+01     214.1275            7 -60.6332             3 
1033  J1417-4402    crr+16     214.3775            4 -44.0493             3 
1034  J1417-5036    LL         214.379            10 -50.604              7 
1035  J1418-3921    mld+96     214.70951           3 -39.35514            3 

1036  J1418-5945    kbm+03     214.6346           17 -59.7500             9 
1037  J1418-6058    aaa+09c    214.6779            5 -60.9636             6 
1038  B1417-54      mlt+78     215.121             5 -54.2731             3 
1039  J1420-5625    hfs+04     215.012758         13 -56.431944           9 
1040  J1420-6048    dkm+01     215.03432           7 -60.80456            5 

1041  J1421-4409    kbj+18     215.3373605        13 -44.1512564         12 
1042  J1422-4718    LL         215.6              10 -47.31               7 
1043  J1422-6138    pga+13     215.613             5 -61.6411             3 
1044  J1423-4737    .          215.83333           0 -47.62222            0 
1045  J1423-6053    mmsurv     215.89500           0 -60.89306            0 

1046  J1423-6953    ebvb01     215.86163           9 -69.89523            3 
1047  J1424-5556    hfs+04     216.05317          13 -55.93719            9 
1048  J1424-56      kle+10     216.1               3 -56.68              12 
1049  J1424-5822    kbm+03     216.13388           4 -58.38214            3 
1050  J1424-6438    kbm+03     216.2467            9 -64.6361             3 

1051  J1425-5723    kbm+03     216.40233          13 -57.39189           12 
1052  J1425-5759    kbm+03     216.4963            3 -57.9862             3 
1053  J1425-6210    mlc+01     216.2821           13 -62.1680             3 
1054  J1426+52      scb+19     216.75              8 52.17                5 
1055  J1427-4158    jbo+09     216.96154           4 -41.98231            9 

1056  B1424-55      mlt+78     217.109333         13 -55.513906          12 
1057  J1428-6019    mmsurv     217.04250           0 -60.32944            0 
1058  J1429-5911    sdz+10     217.4942            5 -59.19350           20 
1059  J1429-5935    mlc+01     217.3579            5 -59.5997             4 
1060  J1430-5712    ccb+20     217.56738           9 -57.20872            6 

1061  J1430-5713    .          217.56738           0 -57.20867            0 
1062  B1426-66      lvw68      217.670300          9 -66.384733           3 
1063  J1431-4715    btb+15     217.936             9 -47.2577            12 
1064  J1431-4717    DT         217.9359092         5 -47.2576572          6 
1065  J1431-5736    LL         217.76457           0 -57.66990            0 

1066  J1431-5740    bbb+13     217.7645644        13 -57.6699076         12 
1067  J1431-6328    kdl+19     217.8387            3 -63.46912           12 
1068  J1432-5032    kjv+10     218.2178            3 -50.53814           17 
1069  J1432-6040    .          218.3046            5 -60.6431             6 
1070  J1433+00      dsm+16     218.4               5 0.47                14 

1071  J1433-5029    .          218.249             8 -50.541              7 
1072  J1433-6038    kel+09     218.3049            3 -60.6430             3 
1073  J1434+7257    slr+14     218.498904          4 72.9573644          17 
1074  J1434-5941    .          218.74299           0 -59.72793            0 
1075  J1434-5943    ccb+20     218.74296           9 -59.72822            6 

1076  J1434-6006    kbm+03     218.5221            9 -60.1081             3 
1077  J1434-6029    mlc+01     218.6629           13 -60.4969             9 
1078  J1435-5954    hfs+04     218.750867          5 -59.91375            3 
1079  J1435-6100    clm+01     218.834459          3 -61.0160997          9 
1080  J1437-5959    fc         219.26667           5 -59.98417            3 

1081  J1437-6146    hfs+04     219.3138            4 -61.7672             3 
1082  J1439+76      kkl+15     219.8               5 76.9                 6 
1083  J1439-5501    fsk+04     219.9155917        17 -55.0232281         17 
1084  B1436-63      mlt+78     220.13025           9 -63.74678            6 
1085  J1441-6137    kbm+03     220.4346            5 -61.6233             6 

1086  J1442-5122    .          220.821            13 -51.430             17 
1087  J1443-5122    kjv+10     220.8624            3 -51.3739             3 
1088  J1444-5941    mlc+01     221.1938           13 -59.6886             9 
1089  J1444-6026    mll+06     221.0251            3 -60.43594           12 
1090  J1445-5928    mmsurv     221.27208           0 -59.46917            0 

1091  J1446-4701    mk1013     221.6488081767      5 -47.024101811        3 
1092  J1449-5846    kbm+03     222.3560            3 -58.77789           20 
1093  J1450-5855    CN         222.64350           0 -58.93186            0 
1094  J1451-4717    LL         222.90900           0 -47.28511            0 
1095  J1451-6243    .          222.78900           0 -62.72350            0 

1096  J1452-4957    .          223.08917           0 -49.96339            0 
1097  J1452-5851    mlc+01     223.2192            5 -58.8537             4 
1098  J1452-6036    kbm+03     223.21624           4 -60.608708          17 
1099  J1453+1902    lmcs07     223.44049721       12 19.03670079         19 
1100  B1449-64      lvw69a     223.38612           3 -64.221162          14 

1101  J1454-5846    clm+01     223.545450         13 -58.776317           9 
1102  J1455-3330    lnl+95     223.94987567       10 -33.51288498        20 
1103  J1455-59      kek+13     223.78             13 -59.38              12 
1104  J1456-48      bcm+15     224.0              10 -48.0                7 
1105  J1456-5504    .          224.088            10 -55.031              7 

1106  B1451-68      lvw68      224.000658         13 -68.727569           6 
1107  B1454-51      mlt+78     224.417             5 -51.3814             9 
1108  J1457-5900    kbm+03     224.4125            9 -59.0142             9 
1109  J1457-5902    kbm+03     224.3829            5 -59.0344             6 
1110  J1459-6053    aaa+09c    224.8750            3 -60.88908           12 

1111  J1500-5549    CN         225.04950           0 -55.82361            0 
1112  J1501-0046    lbr+13     225.43732           4 -0.7732              3 
1113  J1501-5637    kbm+03     225.4625           17 -56.6300            14 
1114  J1502+28      ttm18      225.54             17 28.2                 3 
1115  J1502-5653    hfs+04     225.73912           5 -56.89423            4 

1116  J1502-5828    kbm+03     225.6825           13 -58.4783            17 
1117  J1502-6128    kbm+03     225.6243            3 -61.48064           14 
1118  J1502-6752    kjb+12     225.57756           8 -67.87132            4 
1119  J1503+2111    clm+05     225.97750          17 21.18592            14 
1120  J1504-5621    kbm+03     226.2047            3 -56.3589             3 

1121  J1504-5659    ccb+20     226.13325           8 -56.98869            6 
1122  J1505-25      .          226.41667           0 -25.38111            0 
1123  B1503-51      mlt+78     226.665             3 -51.969              3 
1124  B1504-43      mlt+78     226.892            13 -43.868              3 
1125  J1507-5757    .          226.76472           0 -58.01564            0 

1126  J1507-5800    ccb+20     226.76460           4 -58.01561            3 
1127  B1503-66      mlt+78     226.952642          5 -66.682739           3 
1128  B1508+55      htg+68     227.3567908         5 55.5256650           6 
1129  J1509-5850    kbm+03     227.36315           3 -58.84889            3 
1130  J1509-6015    kbm+03     227.2812            5 -60.25517           17 

1131  B1507-44      mlt+78     227.7037           17 -44.3686            17 
1132  J1511-5414    kbm+03     227.963687         13 -54.244533          17 
1133  J1511-5835    kbm+03     227.7792           13 -58.5911             3 
1134  J1512-4421    LL         228.1              10 -44.35               7 
1135  J1512-5431    kbm+03     228.0238            9 -54.5219             9 

1136  B1508-57      jlm+92     228.1793            5 -57.9999             4 
1137  J1513-2550    san16      228.3471691         3 -25.8420236          9 
1138  J1513-5739    mlc+01     228.4958            4 -57.6504             4 
1139  B1509-58      sh82       228.48255           5 -59.13600            3 
1140  J1513-5946    kle+10     228.43658           5 -59.77553           20 

1141  J1513-6013    ccb+20     228.47508          17 -60.22403            9 
1142  B1510-48      mlt+78     228.56              3 -48.5721             3 
1143  J1514-4945    .          228.52454           0 -49.75931            0 
1144  J1514-4946    kcj+12     228.5796427         6 -49.7709795         14 
1145  J1514-5316    ccb+20     228.66733           5 -53.26731            6 

1146  J1514-5322    AC         228.532            10 -53.275              7 
1147  J1514-5925    kbm+03     228.74625          13 -59.42875            9 
1148  J1514-5952    pmsingle   228.50              3 -59.867             17 
1149  J1514-6018    .          228.47458           0 -60.22384            0 
1150  J1515-5720    kbm+03     228.7885            6 -57.34726            5 

1151  J1516-43      brs+19     229.135             5 -43.3333             3 
1152  J1517-32      mbc+19     229.25417           0 -32.43472            0 
1153  J1517-4356    ebvb01     229.36392           5 -43.93831            6 
1154  J1517-4636    ll0310     229.354            10 -46.609              7 
1155  B1516+02A     wakp89     229.638823          3 2.090986             9 

1156  B1516+02B     wakp89     229.631075         13 2.087631            14 
1157  J1518+0204C   hrs+07     229.63662039        9 2.0799487            3 
1158  J1518+0204D   hrs+07     229.64167           0 2.08278              0 
1159  J1518+0204E   hrs+07     229.64167           0 2.08278              0 
1160  J1518+4904    nst96      229.56999618        7 49.07618089          5 

1161  J1518-0627    lbr+13     229.74629           4 -6.45214            19 
1162  J1518-3950    .          229.757            10 -39.868              7 
1163  J1518-3952    bsb+19     229.73737           8 -39.87508           20 
1164  J1518-5415    kel+09     229.55625           5 -54.26250            9 
1165  J1518-5416    .          229.55617           9 -54.26278           20 

1166  J1519-0743    .          229.86167           0 -7.72222             0 
1167  J1519-5734    lfl+06     229.9483            3 -57.57044           20 
1168  J1519-6106    lfl+06     229.8992            5 -61.1152             4 
1169  J1519-6308    hfs+04     229.7898            8 -63.1387             3 
1170  J1522-5525    kbm+03     230.5279            5 -55.4215             3 

1171  J1522-5534    CN         230.54850           0 -55.57642            0 
1172  J1522-5735    pga+13     230.5221            5 -57.5833             3 
1173  B1518-58      jlm+92     230.676125         17 -58.4840833          9 
1174  J1523-3235    .          230.90287          10 -32.59508           17 
1175  J1524-33      .          230.87917           0 -32.54639            0 

1176  J1524-5625    kbm+03     231.20775          17 -56.42317           17 
1177  J1524-5706    kbm+03     231.0893            5 -57.10962            5 
1178  J1524-5817    .          231.1025            5 -58.3208            12 
1179  J1524-5819    kel+09     231.10271           9 -58.32058           12 
1180  J1525-5417    kbm+03     231.3681            3 -54.2889             3 

1181  J1525-5523    ncb+15     231.40027           3 -55.39089            6 
1182  J1525-5544    .          231.36722           0 -55.76385            0 
1183  J1525-5545    nbb+14     231.3672250         9 -55.7638450         14 
1184  J1525-5605    kbm+03     231.4227            4 -56.0869             6 
1185  J1526-5524    CN         231.341            10 -55.389              7 

1186  J1526-5633    kbm+03     231.6717            5 -56.5619             9 
1187  B1524-39      mlt+78     231.99554           4 -39.52639            6 
1188  J1527-5545    CN         232.103            10 -55.738              7 
1189  B1523-55      mlt+78     231.920417         17 -55.8686111         17 
1190  J1528-3146    jbo+07     232.1456425         9 -31.768566           3 

1191  J1528-3835    .          232.31294           0 -38.47940            0 
1192  J1528-4109    ebvb01     232.03347           4 -41.15800            6 
1193  J1528-5547    ncb+15     232.1633            5 -55.7897             6 
1194  J1528-5838    cwp+17     232.1013            5 -58.6336             3 
1195  J1528-7100    ll0210     232.05             10 -71.004              7 

1196  J1529+40      ttk+17     232.30              8 40.82                5 
1197  J1529-3828    nbb+14     232.312944          5 -38.479403           9 
1198  J1529-5355    kbm+03     232.4900           13 -53.9267            14 
1199  J1529-5611    kbm+03     232.399             3 -56.191              4 
1200  J1530-26      .          232.39167           0 -26.17389            0 

1201  J1530-5200    ll0310     232.72             10 -52.016              7 
1202  J1530-5327    mlc+01     232.612050          9 -53.465561          12 
1203  J1530-6336    LLdec11    232.717            10 -63.726              7 
1204  J1530-6343    bbb+12     232.69837           9 -63.72044            9 
1205  J1531-4012    ebvb01     232.78354           5 -40.20858           12 

1206  J1531-5610    kbm+03     232.86625           5 -56.18204            4 
1207  B1530+27      dth78      233.0431858         5 27.7637842           3 
1208  J1532-5308    kbm+03     233.1479            5 -53.1350             6 
1209  J1532-56      ncb+15     233.08             13 -56.53              12 
1210  J1532-5603    CN         233.093            10 -56.117              7 

1211  J1534-4428    bbb+12     233.7167            3 -44.4693             3 
1212  J1534-46      bb10       233.53             18 -46.2                3 
1213  B1530-53      lvw68      233.53449           3 -53.57213            3 
1214  B1530-539     jlm+92     233.63996          13 -54.09436           14 
1215  J1535-4114    ebvb01     233.82113           5 -41.23419            9 

1216  J1535-4415    ebvb01     233.9830            3 -44.2523             4 
1217  J1535-4432    LL         233.698            10 -44.487              7 
1218  J1535-5342    .          233.99250           0 -53.70244            0 
1219  J1535-5450    kbm+03     233.9928            3 -54.8406             3 
1220  J1535-5848    kbm+03     233.81983          17 -58.80769            9 

1221  J1536+17      ttk+17     234.06250           0 17.81667             0 
1222  J1536-3602    jbo+09     234.07242           6 -36.04967           14 
1223  J1536-4948    rap+12     234.00000           0 -49.80000            0 
1224  J1536-5433    mlc+01     234.0201            8 -54.5542            12 
1225  J1536-5907    kel+09     234.07383           9 -59.11767           17 

1226  J1536-5913    .          234.0737            3 -59.1176             3 
1227  B1534+12      wol91a     234.291507208      13 11.932064964        17 
1228  J1537-4912    ebvb01     234.3675            9 -49.2008             9 
1229  J1537-5153    kbm+03     234.3155            3 -51.8850             3 
1230  J1537-5312    ccb+20     234.4070611         8 -53.2069602          9 

1231  J1537-5317    .          234.40706           0 -53.20696            0 
1232  J1537-5519    .          234.6696            5 -55.3294             9 
1233  J1537-5645    mlc+01     234.4625           13 -56.7511            20 
1234  J1538+2345    kkl+15     234.52529           9 23.75111             6 
1235  J1538-4142    .          234.67083           0 -41.71658            0 

1236  J1538-5438    mlc+01     234.7040            7 -54.6381             9 
1237  J1538-5519    kel+09     234.6701            4 -55.3294             6 
1238  J1538-5551    hfs+04     234.68757           3 -55.86026            3 
1239  J1538-5621    ncb+15     234.68037           9 -56.36542           12 
1240  J1538-5623    CN         234.643            10 -56.350              7 

1241  J1538-5638    kbm+03     234.5238            9 -56.6367            12 
1242  J1538-5732    lfl+06     234.57575          13 -57.54147           12 
1243  J1538-5750    kbm+03     234.53504          17 -57.83808           17 
1244  J1539-4828    ekl09      234.9202            3 -48.4825             3 
1245  J1539-4835    pmaccn     234.925             5 -48.5428             3 

1246  J1539-5521    kbm+03     234.7832            3 -55.3531             3 
1247  B1535-56      jlm+92     234.8082            8 -56.44039            6 
1248  J1539-6322    ebvb01     234.85292          13 -63.38144            6 
1249  J1540-4829    .          234.92              3 -48.4844            17 
1250  J1540-5736    mlc+01     235.2459            5 -57.6158             9 

1251  J1541-42      bbj+11     235.48             16 -42.31              12 
1252  J1541-5535    kbm+03     235.4567           17 -55.5836            14 
1253  J1542-5034    mld+96     235.68883           9 -50.567683           9 
1254  J1542-5133    hfs+04     235.5830            6 -51.5597             9 
1255  J1542-5303    kbm+03     235.72713          17 -53.0614             3 

1256  B1541+09      ls69       235.9117708         5 9.4878719            6 
1257  B1540-06      mlt+78     235.8755721         5 -6.3459256           6 
1258  J1543-5013    kbm+03     235.9927            4 -50.2328             3 
1259  J1543-5149    kjb+12     235.93396           9 -51.831858          17 
1260  J1543-5440    LL         235.89750           0 -54.67083            0 

1261  J1543-5459    mlc+01     235.9851            3 -54.9875             3 
1262  J1544+4937    brr+13     236.01869675        9 49.63201514          6 
1263  J1544-07      .          236.09167           0 -7.27611             0 
1264  J1544-0713    .          236.09802           4 -7.23309             6 
1265  B1541-52      mlt+78     236.249             5 -53.1463            14 

1266  J1545-4550    mk1013     236.48310705       17 -45.8437599          3 
1267  J1545-6632    LL         236.36700           0 -66.53761            0 
1268  J1546-3747A   lr11       236.51433           0 -37.78614            0 
1269  J1546-4552    .          236.48315           0 -45.84374            0 
1270  J1546-5302    kbm+03     236.5308            5 -53.0397             3 

1271  J1546-5706    .          236.85052           0 -57.15488            0 
1272  J1546-59      mlb+12     236.50000           0 -59.00000            0 
1273  J1546-5925    .          236.62228           0 -59.42913            0 
1274  J1547-0944    lbr+13     236.94191          15 -9.7355              9 
1275  J1547-5226    LL         236.8              10 -52.44               7 

1276  J1547-5709    ccb+20     236.850520          5 -57.1548805          5 
1277  J1547-5750    hfs+04     236.8775            5 -57.8415             5 
1278  J1547-5839    kbm+03     236.89579          17 -58.65272           20 
1279  J1548-4821    kbm+03     237.09692          13 -48.36381           17 
1280  J1548-4927    kbm+03     237.08112          13 -49.46122           14 

1281  J1548-5607    mlc+01     237.18340           4 -56.1262             3 
1282  J1549+2113    fcwa95     237.42059           3 21.22414             3 
1283  J1549-4848    mld+96     237.3378            8 -48.80986            9 
1284  J1549-57      bbj+11     237.3               3 -57.36              12 
1285  J1549-5722    kbm+03     237.4496            5 -57.3672             3 

1286  J1550-5242    kbm+03     237.5123            3 -52.7019             3 
1287  J1550-5317    kbm+03     237.5200            5 -53.2892             6 
1288  J1550-5418    fc         237.725517          3 -54.3066972          6 
1289  J1551-0658    hrm+11     237.78006          17 -6.96847            17 
1290  J1551-4424    bbb+12     237.9501            3 -44.4117             3 

1291  J1551-4937    .          238.055297          6 -49.630483          12 
1292  J1551-5156    CN         237.78150           0 -51.94847            0 
1293  J1551-5310    hfs+04     237.921             5 -53.18347           12 
1294  J1551-6214    bbb+12     237.90328           4 -62.23983            3 
1295  J1552+5437    pbh+17     238.2222132         8 54.6182741           4 

1296  J1552-4433    ll0410     238.006            10 -44.453              7 
1297  J1552-4937    fsk+04     238.0552954        17 -49.630484           4 
1298  J1552-6213    LLdec11    237.873            10 -62.242              7 
1299  B1550-54      mlt+78     238.49837           5 -54.935069           3 
1300  J1554+18      dsm+16     238.6               5 18.07               14 

1301  J1554-5209    kle+10     238.61312           9 -52.16064           12 
1302  J1554-5210    pmsingle   238.50              3 -52.167             17 
1303  J1554-5512    kbm+03     238.6687           17 -55.209              4 
1304  J1555+01      ttm+18     238.99              8 1.1                  5 
1305  J1555-0515    blr+13     238.91707           7 -5.26594            14 

1306  B1552-23      mlt+78     238.88827           7 -23.6861             3 
1307  B1552-31      mlt+78     238.824800         13 -31.57225            4 
1308  J1555-4106    ll0310     238.75             10 -41.114              7 
1309  J1556-3633    .          239.19000           0 -36.55553            0 
1310  J1556-5358    kbm+03     239.2146           13 -53.9819             6 

1311  J1557-4233    LL         239.48700           0 -42.56056            0 
1312  J1557-4258    mld+96     239.251075          4 -42.970183           6 
1313  J1557-5151    ccb+20     239.37208           9 -51.85233            9 
1314  J1557-5153    .          239.37214           0 -51.85232            0 
1315  J1557-6722    ll0310     239.47             10 -67.372              7 

1316  J1558-5419    mlc+01     239.6727            8 -54.3239            14 
1317  J1558-5756    lfl+06     239.62721          13 -57.94058           12 
1318  J1558-67      mbc+19     239.58750           0 -67.59972            0 
1319  J1558-6735    VM         239.58750           0 -67.59972            0 
1320  J1559-44      bcm+15     239.8              10 -44.0                7 

1321  B1556-44      vl72       239.92302552        4 -44.646083827       10 
1322  J1559-4602    ll0310     239.87             10 -46.035              7 
1323  B1555-55      mlt+78     239.8362            5 -55.7631             3 
1324  J1600-3053    jbo+07     240.21627           0 -30.89704            0 
1325  B1557-50      kac+73     240.220896          9 -50.739250          12 

1326  B1556-57      mlt+78     240.083            17 -57.8541            17 
1327  J1600-5916    lfl+06     240.1458           17 -59.2831             9 
1328  J1601-50      kek+13     240.35             13 -50.38              12 
1329  J1601-5244    mlc+01     240.3637           13 -52.7358             9 
1330  J1601-5335    mlc+01     240.47837           9 -53.59558           12 

1331  J1602-4957    kbm+03     240.5758            5 -49.9589            12 
1332  B1558-50      kac+73     240.57804           5 -51.00169            6 
1333  J1603+18      dsm+16     240.9               5 18.85               14 
1334  J1603-2531    mld+96     240.770105          3 -25.52997           12 
1335  B1600-27      mlt+78     240.78360           4 -27.22434           15 

1336  J1603-3539    ebvb01     240.97374           3 -35.66586            9 
1337  J1603-5312    ccb+20     240.96200          13 -53.21611           12 
1338  J1603-5316    AC         240.879            10 -53.287              7 
1339  J1603-5657    lml+98     240.88108           9 -56.96227            3 
1340  J1603-7202    llb+96     240.89866466       17 -72.04241679         6 

1341  J1604-31      .          241.09583           0 -31.65917            0 
1342  J1604-3142    kbj+18     241.152232         10 -31.70189            5 
1343  J1604-44      kjr+11     241.13             17 -44.72              12 
1344  J1604-4442    .          241.13708           0 -44.71203            0 
1345  J1604-4718    lfl+06     241.12254          17 -47.31331           17 

1346  B1600-49      mlt+78     241.095733          9 -49.166106           9 
1347  J1604-7203    lml+98     241.12157           3 -72.058461          12 
1348  J1605+3249    hab07      241.32717          13 32.82167             9 
1349  J1605-5215    mlc+01     241.3292           17 -52.2633            14 
1350  B1601-52      kac+73     241.317917         13 -52.959444          14 

1351  J1606-6648    .          241.68150           0 -66.80306            0 
1352  B1604-00      vl70       241.8002492         9 -0.5448686           6 
1353  J1607-5140    mlc+01     241.9554           13 -51.6711            12 
1354  J1607-6447    ll0210     242.06             10 -64.826              7 
1355  J1607-6449    bbb+12     241.95296           4 -64.82863            3 

1356  J1608-5135    mmsurv     242.15458           0 -51.59278            0 
1357  J1609-1930    jbo+09     242.2723            5 -19.502              3 
1358  J1609-4616    hfs+04     242.42137          17 -46.27292           12 
1359  J1609-5158    mlc+01     242.361             3 -51.972              3 
1360  B1607-13      dtws85     242.67823          16 -13.3729             7 

1361  J1610-17      bb10       242.5               3 -17.8                3 
1362  J1610-5006    mlc+01     242.6846            4 -50.1117             5 
1363  J1610-5303    kbm+03     242.5534            4 -53.0636             9 
1364  J1611-01      kkl+15     242.7               5 -1.5                 6 
1365  J1611-4811    kbm+03     242.7612           17 -48.1942            17 

1366  J1611-4949    mlc+01     242.9443            5 -49.8326             4 
1367  B1607-52      jlm+92     242.76404           5 -52.15615            4 
1368  J1611-5847    lfl+06     242.96380           3 -58.79509            3 
1369  J1612+2008    blr+13     243.097633         13 20.138425           12 
1370  J1612-2408    jbo+09     243.10858          13 -24.1344             6 

1371  J1612-49      ncb+15     243.22             13 -49.45              12 
1372  J1612-5019    .          243.193            10 -50.429              7 
1373  J1612-5022    ccb+20     243.11678           5 -50.38258           12 
1374  J1612-5136    kbm+03     243.0025           13 -51.6150            17 
1375  J1612-55      ncb+15     243.02             13 -55.15              12 

1376  J1612-5509    CN         243.01929           0 -55.15756            0 
1377  J1612-5805    kjv+10     243.11590           3 -58.09144            3 
1378  J1612-5811    .          243.114             3 -58.099             12 
1379  J1613-4136    LL         243.3              10 -41.61               7 
1380  J1613-4146    LL         243.4              10 -41.78               7 

1381  B1609-47      mlt+78     243.371            13 -47.240              3 
1382  J1613-4926    CN         243.23771           0 -49.45553            0 
1383  J1613-5211    mlc+01     243.4269            5 -52.1892             5 
1384  J1613-5234    mlc+01     243.4895            8 -52.5714             9 
1385  B1612+07      mlt+78     243.67044           4 7.62528              7 

1386  J1614-2230    crh+06a    243.65211392        8 -22.5086863          4 
1387  J1614-23      crh+06a    243.50000           0 -23.25000            0 
1388  J1614-3846    ll0511     243.7215            4 -38.7675            17 
1389  J1614-3937    mld+96     243.63011           3 -39.62467            6 
1390  B1610-50      jlm+92     243.54704          13 -50.80097           14 

1391  J1614-5144    kbm+03     243.690             3 -51.747              3 
1392  J1614-5402    kbm+03     243.7099            3 -54.0464             6 
1393  B1612-29      mlt+78     243.9701            4 -29.6710            14 
1394  J1615-4958    ccb+20     243.82242          13 -49.96722           12 
1395  J1615-4959    AC         243.80100           0 -49.99317            0 

1396  J1615-5444    kbm+03     243.75496           4 -54.74233            6 
1397  B1611-55      jlm+92     243.91846          13 -55.61681            9 
1398  J1616-5017    CN         244.12042          17 -50.26703            6 
1399  J1616-5109    mlc+01     244.129             3 -51.155              3 
1400  J1616-5208    mlc+01     244.0975           17 -52.1467            12 

1401  J1617-4216    ebvb01     244.3474            3 -42.2831             3 
1402  J1617-4608    lfl+06     244.39627           6 -46.14347            9 
1403  J1617-4717    .          244.49850           0 -47.28892            0 
1404  J1617-5055    kcm+98     244.3721            5 -50.92033            6 
1405  J1618-36      mbc+19     244.63375           0 -36.06167            0 

1406  J1618-3614    LL         244.7              10 -36.24               7 
1407  J1618-3921    eb01b      244.578            13 -39.3505             3 
1408  J1618-4623    .          244.71990           0 -46.40971            0 
1409  J1618-4624    ccb+20     244.7198991         6 -46.4097084         12 
1410  J1618-4723    kbm+03     244.52833           5 -47.38864            9 

1411  J1619-42      kek+13     244.77             13 -42.03              12 
1412  J1620-4927    pga+12     245.17300           5 -49.46031            9 
1413  J1620-5414    hfs+04     245.0602            5 -54.2477             5 
1414  J1621-03      .          245.49090           0 -3.20420             0 
1415  J1621-5039    mlc+01     245.2696            7 -50.6635             5 

1416  J1621-5243    kbm+03     245.4825            5 -52.7289             9 
1417  J1622-03      .          245.74090           0 -3.20420             0 
1418  J1622-0315    san16      245.7484521        13 -3.2603689          20 
1419  J1622-3751    bbb+12     245.51908          17 -37.8539             3 
1420  J1622-3752    sb0310     245.522            10 -37.785              7 

1421  J1622-4332    lml+98     245.68945           4 -43.54117            9 
1422  J1622-4347    lfl+06     245.62525           8 -43.78928            9 
1423  J1622-4802    mlc+01     245.6966            6 -48.0370             4 
1424  J1622-4845    ncb+15     245.5227            5 -48.7747            12 
1425  J1622-4851    CN         245.445            10 -48.801              7 

1426  J1622-4944    mlc+01     245.6562           13 -49.7417             9 
1427  J1622-4950    lbb+10     245.6867            5 -49.84844            3 
1428  J1622-6617    kjb+12     245.515284         17 -66.288050           9 
1429  J1623-03      .          245.99090           0 -3.20420             0 
1430  J1623-0841    blr+13     245.92784           5 -8.69350            14 

1431  B1620-09      mlt+78     245.8235829         5 -9.1468703           6 
1432  B1620-26      lbb+88     245.9092575         9 -26.5316025          6 
1433  B1620-42      mlt+78     245.95121           3 -42.94794            3 
1434  J1623-4949    mlc+01     245.9783            7 -49.8178             9 
1435  J1623-5005    cwp+17     245.76712           5 -50.08753            6 

1436  J1623-6641    SMi        245.9              10 -66.69               7 
1437  J1624+5850    scb+19     246.00402           4 58.837714           17 
1438  J1624+8643    slr+14     246.13635          19 86.720335           11 
1439  J1624-4041    cwp+17     246.04136           4 -40.69158            9 
1440  J1624-4411    lfl+06     246.08900           8 -44.19272           14 

1441  J1624-4613    lfl+06     246.0779           13 -46.217              3 
1442  J1624-4721    kbm+03     246.2287            4 -47.3575             6 
1443  J1625-4048    mld+96     246.29304           9 -40.80597           20 
1444  J1625-4904    mlc+01     246.3252            6 -49.0760             6 
1445  J1625-4913    kjv+10     246.31838           9 -49.22906           12 

1446  J1625-4914    .          246.317             5 -49.24               4 
1447  J1625-5316    .          246.30000           0 -53.27539            0 
1448  J1625-6620    ll0210     246.48             10 -66.350              7 
1449  J1626-3806    LL         246.7              10 -38.11               7 
1450  J1626-44      kek+13     246.75             13 -44.37              12 

1451  J1626-4537    kbm+03     246.70408           5 -45.62378           14 
1452  J1626-4807    mlc+01     246.6771           13 -48.1317            12 
1453  J1626-6621    bbb+12     246.52855           4 -66.35424            3 
1454  J1627+1419    fcwa95     246.82816           3 14.32242             3 
1455  J1627-4706    lfl+06     246.86979          17 -47.11394           20 

1456  J1627-4845    kmj+96     246.7931            5 -48.7522             9 
1457  J1627-49      ncb+15     246.92             13 -49.90              12 
1458  J1627-4954    CN         246.94350           0 -49.90994            0 
1459  J1627-51      ncb+15     246.88             13 -51.13              12 
1460  J1627-5108    CN         246.88800           0 -51.13531            0 

1461  J1627-5547    kbm+03     246.83783           9 -55.79789           12 
1462  J1627-5933    .          246.95154           5 -59.62594            3 
1463  J1627-5936    kjv+10     246.96912          17 -59.61536            6 
1464  J1628+4406    slr+14     247.2096329         6 44.1118366           3 
1465  J1628-3205    rap+12     247.02918           0 -32.09695            0 

1466  J1628-4804    mlc+01     247.1118            6 -48.0831             9 
1467  J1628-4828    kbm+03     247.1287           17 -48.478              3 
1468  J1629-3140    .          247.29583           0 -31.67444            0 
1469  J1629-3635    .          247.43750           0 -36.59750            0 
1470  J1629-3636    bbb+12     247.3992            4 -36.6036             6 

1471  J1629-3825    bsb+19     247.31091           5 -38.42481           14 
1472  J1629-3827    SM         247.283            10 -38.442              7 
1473  J1629-6902    eb01b      247.2865442        17 -69.0459150          9 
1474  J1630+3734    san16      247.6519455         3 37.5783603           3 
1475  J1630-2609    .          247.62105          18 26.1621             10 

1476  J1630-4719    kbm+03     247.5103            3 -47.3283             6 
1477  B1626-47      jlm+92     247.65613          17 -47.5514             3 
1478  J1631+1252    fast       247.95417           0 12.87222             0 
1479  J1631-1612    rsm+13     247.96862          13 -16.2144             9 
1480  J1631-26      .          247.63333           0 -26.03611            0 

1481  J1631-4155    lfl+06     247.8264            3 -41.9177             6 
1482  J1632-1013    crh+06a    248.22583           9 -10.2217             3 
1483  J1632-4509    hfs+04     248.0583            8 -45.153              3 
1484  J1632-4621    mlc+01     248.20755           7 -46.3635             3 
1485  J1632-4757    hfs+04     248.0694            6 -47.95958            9 

1486  J1632-4818    mlc+01     248.1653            4 -48.3149             5 
1487  J1633-2009    blr+13     248.4804            3 -20.1692            14 
1488  B1630-44      jlm+92     248.44603           3 -44.88550            6 
1489  J1633-4805    kbm+03     248.2725            5 -48.0933            12 
1490  J1633-4955    CN         248.367            10 -49.890              7 

1491  B1629-50      jlm+92     248.2503587         5 -50.2523217          9 
1492  J1634-4229    ccb+20     248.56110           4 -42.49564           12 
1493  J1634-4230    .          248.56109           0 -42.49590            0 
1494  J1634-49      ncb+15     248.63             13 -49.87              12 
1495  J1634-5107    lfl+06     248.5208            4 -51.1293             3 

1496  J1634-5638    .          248.52308           5 -56.53761            3 
1497  J1634-5640    bbb+12     248.57988           9 -56.68019            9 
1498  J1635+2332    ttk+17     248.77233           5 23.53978             9 
1499  B1633+24      skk+80     248.85742           7 24.31314             7 
1500  J1635-1511    jbo+09     248.94733          17 -15.1978             9 

1501  J1635-2616    LLdec11    249.063            10 -26.251              7 
1502  J1635-4443    mjk0508    249.0687            5 -44.6761            17 
1503  J1635-4513    kbm+03     248.9808           13 -45.224              5 
1504  J1635-4735    etm+09     248.96602           9 -47.58981            6 
1505  J1635-4944    kbm+03     248.9808            5 -49.7433             6 

1506  B1630-59      mlt+78     248.7878            3 -59.9114             3 
1507  J1636-2614    bbb+12     249.04794           8 -26.2464             4 
1508  J1636-4440    kel+09     249.06887           9 -44.6736             3 
1509  J1636-4803    kbm+03     249.1333            9 -48.065              3 
1510  J1636-4933    kbm+03     249.2298            3 -49.5528             9 

1511  J1637-4335    kbm+03     249.4867            5 -43.5950            14 
1512  J1637-4450    lfl+06     249.47146          13 -44.8406             3 
1513  B1634-45      jlm+92     249.494550         17 -45.89078            3 
1514  J1637-46      kek+13     249.40             13 -46.22              12 
1515  J1637-4642    kbm+03     249.3073            8 -46.70394           12 

1516  J1637-4721    kbm+03     249.2975            5 -47.351              3 
1517  J1637-4816    kel+09     249.49450          17 -48.2700             6 
1518  J1637-4818    .          249.4942            5 -48.2708             6 
1519  J1638+4005    ttk+17     249.56768           3 40.098992           17 
1520  J1638-3815    lfl+06     249.65562           8 -38.25094           20 

1521  J1638-3951    eklk13     249.5648            3 -39.8664             3 
1522  J1638-3952    pmrepr_pmaccn 249.629             5 -39.8236             3 
1523  J1638-4233    bbb+12     249.6271            3 -42.5657             9 
1524  J1638-4344    kbm+03     249.7203            3 -43.7344             3 
1525  J1638-44      ncb+15     249.58             13 -44.67              12 

1526  J1638-4417    hfs+04     249.69261           4 -44.28422            6 
1527  J1638-4444    CN         249.53442           0 -44.72719            0 
1528  J1638-4608    kbm+03     249.5969            4 -46.13706            9 
1529  J1638-4725    lfl+06     249.55508          13 -47.42569           17 
1530  J1638-5226    kbm+03     249.74983          13 -52.44928           12 

1531  J1639-4359    kbm+03     249.77854          17 -43.9978             6 
1532  B1635-45      jlm+92     249.83834           5 -46.07586           12 
1533  J1640+2224    wol95      250.069771123      16 22.402451127        20 
1534  J1640-3221    LL         250.0              10 -32.36               7 
1535  J1640-4631    gth+14     250.18133           5 -46.52650            6 

1536  J1640-4648    kbm+03     250.1984            3 -46.8125             6 
1537  B1636-47      jlm+92     250.05454          13 -47.2606             3 
1538  J1640-4951    kbm+03     250.18150          13 -49.85058           20 
1539  B1639+36A     kapw91     250.420333         13 36.454289           17 
1540  B1639+36B     and92      250.42              4 36.46                3 

1541  J1641+3627C   hrs+07     250.42083           0 36.46028             0 
1542  J1641+3627D   hrs+07     250.42083           0 36.46028             0 
1543  J1641+3627E   hrs+07     250.42              4 36.46                3 
1544  J1641+8049    slr+14     250.3368257        15 80.8313651           3 
1545  J1641-2347    ebvb01     250.3252            3 -23.7933            17 

1546  J1641-5317    cla17      250.3163            3 -53.2969             3 
1547  J1643+1338    ttk+17     250.97558           3 13.64553             3 
1548  J1643-1224    lnl+95     250.91              4 -12.4163            14 
1549  J1643-4505    lfl+06     250.90379          13 -45.09606           20 
1550  J1643-4522    kbm+03     250.8350            3 -45.3669             6 

1551  J1643-4550    kbm+03     250.80633           9 -45.84847           14 
1552  J1644-33      mss+20     251.00000           0 -33.00000            0 
1553  J1644-44      kek+13     251.15             13 -44.17              12 
1554  B1641-45      kac+73     251.205337          9 -45.985972          14 
1555  J1644-4560    .          251.20534           8 -45.98597           12 

1556  J1644-46      kek+13     251.02             13 -46.43              12 
1557  J1644-4657    eklk13     251.1604            5 -46.9606            12 
1558  J1644-4704    pmaccn     251.113             5 -47.0008             3 
1559  J1644-5059    LL         251.1              10 -50.99               7 
1560  J1645+1012    fcwa95     251.39340           3 10.20446             3 

1561  B1642-03      ht69       251.2586518         5 -3.2994799           6 
1562  J1646-19      .          251.57917           0 -19.26139            0 
1563  J1646-2142    rap+12     251.5755            3 -21.7025             4 
1564  J1646-4308    kbm+03     251.7304            9 -43.1353            12 
1565  B1643-43      jlm+92     251.7119           13 -43.7648            14 

1566  J1646-5123    lfl+06     251.65146          17 -51.38739           14 
1567  B1641-68      mlt+78     251.728             5 -68.5308             3 
1568  J1647+6608    slr+14     251.88551           8 66.13951             5 
1569  J1647-3607    bb10       251.94379           9 -36.1178             3 
1570  J1647-4550    .          251.70697655        6 -45.760956208        4 

1571  J1647-4552    mcc+06     251.79250          13 -45.87133            9 
1572  J1648-3150    sb0310     252.13             10 -31.849              7 
1573  J1648-3256    mld+96     252.025292         17 -32.94467            6 
1574  J1648-3605    .          251.954            17 -36.1               14 
1575  J1648-4458    kbm+03     252.0542            5 -44.9739             9 

1576  J1648-4611    kbm+03     252.09185           3 -46.18771            6 
1577  J1648-6044    kjv+10     252.21346           9 -60.74042            3 
1578  J1649+2533    fcwa95     252.4343            3 25.55194             6 
1579  J1649-3805    lfl+06     252.45092           8 -38.09975            9 
1580  J1649-3933    CN         252.32850           0 -39.55628            0 

1581  J1649-3935    ncb+15     252.27783          13 -39.5956             4 
1582  J1649-4349    mlc+01     252.3351            4 -43.8228             5 
1583  J1649-4653    kbm+03     252.3525            5 -46.88592            6 
1584  J1649-4729    mlc+01     252.3261            5 -47.4981            14 
1585  J1649-5553    ebvb01     252.3796            5 -55.8944             6 

1586  J1650-1654    mld+96     252.613206          3 -16.911745           6 
1587  J1650-4126    kbm+03     252.55489           3 -41.44272            9 
1588  J1650-4341    kbm+03     252.68617           5 -43.69189           14 
1589  J1650-4502    mlc+01     252.6346            3 -45.0437             6 
1590  J1650-4601    cwp+17     252.57758           9 -46.02183           12 

1591  J1650-4921    lfl+06     252.64629           8 -49.351044           9 
1592  J1650-6046    .          252.29229           5 -60.75131            3 
1593  J1651+14      ttk+17     252.75000           0 14.36667             0 
1594  B1648-17      mlt+78     252.88230          11 -17.1561             7 
1595  B1648-42      mlt+78     252.95332           3 -42.769436           3 

1596  J1651-4519    kbm+03     252.988             3 -45.320              3 
1597  B1647-52      mlt+78     252.929008          9 -52.382883           9 
1598  B1647-528     mlt+78     252.922             5 -52.9300             9 
1599  J1651-7642    jbo+09     252.7828            7 -76.71097           20 
1600  J1652+2651    fcwa95     253.01279          13 26.86122            12 

1601  J1652-1400    jbo+09     253.06949           3 -14.00761           12 
1602  B1649-23      mlt+78     253.2439            3 -24.0641            18 
1603  J1652-4402    .          253.00000           0 -44.03333            0 
1604  J1652-4406    kkl+11     253.2479            9 -44.1014            12 
1605  J1652-48      kek+13     253.22             13 -48.75              12 

1606  J1652-4844    pme@h      253.226             5 -48.7432             3 
1607  J1653-2054    btb+15     253.37929           9 -20.91531            3 
1608  J1653-2056    .          253.378            10 -20.894              7 
1609  B1650-38      jlm+92     253.41582           5 -38.63911           14 
1610  J1653-4030    lfl+06     253.3926            6 -40.5004            14 

1611  J1653-4105    ccb+20     253.35572           5 -41.09044           12 
1612  J1653-4108    AC         253.404            10 -41.100              7 
1613  J1653-4249    mlc+01     253.4176            3 -42.8176             6 
1614  J1653-4315    kbm+03     253.3737            9 -43.2503            14 
1615  J1653-45      ccb+20     253.47              8 -45.28              12 

1616  J1653-4514    AC         253.479            10 -45.291              7 
1617  J1653-4854    kbm+03     253.4862            5 -48.9142            12 
1618  J1654-23      bb10       253.51             13 -23.58              12 
1619  J1654-26      mbc+19     253.66250           0 -26.60500            0 
1620  J1654-2636    VM         253.66250           0 -26.60500            0 

1621  J1654-2713    lml+98     253.5984            3 -27.2171            14 
1622  J1654-3710    lfl+06     253.68511           8 -37.1825             3 
1623  J1654-4140    kbm+03     253.5979            5 -41.6733             9 
1624  J1654-4238    .          253.5913            5 -42.7586             9 
1625  J1654-4245    kel+09     253.59200          17 -42.7608             9 

1626  J1654-4330    MXB        253.63800           0 -43.50656            0 
1627  J1655-3048    ebvb01     253.85221           9 -30.8117             3 
1628  J1655-3837    pmrepr_pmaccn 253.900             5 -38.7233             3 
1629  J1655-3844    eklk13     253.9111            3 -38.7358             3 
1630  J1656+00      dsm+16     254.2               5 0.43                14 

1631  J1656+6203    scb+19     254.04287           5 62.06400             3 
1632  J1656-3621    lfl+06     254.13731           7 -36.36658           17 
1633  J1657+3304    ttk+17     254.46117           3 33.076014           14 
1634  J1657-4432    kbm+03     254.40304          17 -44.5389             3 
1635  J1658+3630    scb+19     254.6104992        13 36.5083597           9 

1636  J1658-4306    kbm+03     254.5692           13 -43.1139            20 
1637  J1658-47      ncb+15     254.60             13 -47.20              12 
1638  J1658-4712    CN         254.716            10 -47.177              7 
1639  J1658-4958    hfs+04     254.7288            3 -49.98289           17 
1640  J1658-5317    .          254.70411239046     5 -53.36703578686      3 

1641  J1658-5324    kcj+12     254.66393189250     5 -53.40194565000      3 
1642  B1657-13      dtws85     254.97120           9 -13.0858             5 
1643  J1659-4316    kbm+03     254.98492          17 -43.2683             6 
1644  J1659-4439    kbm+03     254.91433          17 -44.6503             3 
1645  J1659-54      vff+20     254.85              3 -54                  2 

1646  J1700-0954    .          255.01343           8 -9.9119              4 
1647  J1700-10      .          254.94167           0 -9.89806             0 
1648  J1700-3312    mld+96     255.22076           8 -33.2129             4 
1649  J1700-3611    lfl+06     255.2055            3 -36.1981             9 
1650  J1700-3919    hfs+04     255.09279          13 -39.3167             4 

1651  J1700-4012    lfl+06     255.16063          17 -40.2107             4 
1652  J1700-4422    kjv+10     255.2236            4 -44.3742             3 
1653  J1700-4939    kbm+03     255.09400          17 -49.6542             3 
1654  J1701-3006A   dlm+01     255.302139          3 -30.108371          10 
1655  J1701-3006B   pdm+03     255.302796          5 -30.11362            3 

1656  J1701-3006C   pdm+03     255.3036167        15 -30.116510           6 
1657  J1701-3006D   cha03      255.306513          7 -30.11182            3 
1658  J1701-3006E   cha03      255.305306          8 -30.11303            4 
1659  J1701-3006F   cha03      255.303426          7 -30.11439            3 
1660  J1701-3130    ebvb01     255.43130           3 -31.51019           12 

1661  B1658-37      jlm+92     255.32688           5 -37.44089           14 
1662  J1701-4419    .          255.217            13 -44.317             17 
1663  B1657-45      jlm+92     255.37148           3 -45.56353            9 
1664  J1701-4958    eklk13     255.3035            3 -49.9758             6 
1665  J1701-4959    pmaccn     255.2542            5 -49.99944            3 

1666  J1702-2942    ll0310     255.62             10 -29.702              7 
1667  J1702-3932    kbm+03     255.55983          13 -39.5444             6 
1668  J1702-4128    kbm+03     255.71883           5 -41.48006           14 
1669  J1702-4217    hfs+04     255.6518            3 -42.2837             7 
1670  J1702-4305    .          255.61388           9 -43.11258           14 

1671  J1702-4306    kel+09     255.61400           9 -43.11253           12 
1672  J1702-4310    kbm+03     255.6123            3 -43.1778             6 
1673  J1702-4428    kbm+03     255.7192           17 -44.4675            20 
1674  J1703-18      mbc+19     255.85833           0 -18.81500            0 
1675  B1700-18      vl72       255.9628813         9 -18.7707903         17 

1676  J1703-1848    VM         255.85833           0 -18.81500            0 
1677  B1700-32      dls73      255.843920         19 -32.69668            9 
1678  J1703-3722    CN         255.99150           0 -37.37664            0 
1679  J1703-38      kle+10     255.86             16 -38.20              12 
1680  J1703-3812    pmsingle   255.75              3 -38.200             17 

1681  J1703-4442    kbm+03     255.83579          13 -44.7117             3 
1682  J1703-4851    mld+96     255.97725           3 -48.866956           3 
1683  J1703-5243    MB         255.99900           0 -52.72211            0 
1684  J1704-3756    ccb+20     256.23944           7 -37.9452             3 
1685  J1704-5236    bbb+12     256.16904           7 -52.61594           14 

1686  B1659-60      mlt+78     256.062             3 -60.2817            17 
1687  J1705-04      kkl+15     256.2               5 -4.7                 6 
1688  J1705-1903    mbc+19     256.43271           0 -19.06148            0 
1689  B1702-19      mlt+78     256.40545           0 -19.11150            0 
1690  J1705-1908    VM         256.43271           0 -19.06150            0 

1691  J1705-3423    mld+96     256.426513         13 -34.39588            6 
1692  J1705-3759    .          256.23925           0 -37.94525            0 
1693  J1705-3936    kbm+03     256.4046           13 -39.6081            17 
1694  J1705-3950    kbm+03     256.37433          13 -39.8497             3 
1695  J1705-4108    kbm+03     256.3350            5 -41.146              3 

1696  J1705-4331    kjv+10     256.39964           3 -43.52044            3 
1697  J1705-4335    .          256.4208            5 -43.58869            3 
1698  J1705-4432    .          256.522            10 -44.528              7 
1699  J1705-5230    LLdec11    256.156            10 -52.603              7 
1700  J1705-5350    .          256.4071            5 -53.837778           3 

1701  J1705-6135    kjv+10     256.3138            9 -61.5875             6 
1702  J1705-6137    .          256.28              5 -61.6319            17 
1703  J1706+59      slr+14     256.8               8 59.2                 3 
1704  J1706-3839    kbm+03     256.5888            9 -38.664              4 
1705  J1706-4310    kbm+03     256.5188            3 -43.1725             9 

1706  J1706-4434    ccb+20     256.59660           4 -44.57500            6 
1707  J1706-4540    sb0310     256.69             10 -45.681              7 
1708  J1706-6118    ebvb01     256.54081           3 -61.30325            3 
1709  J1707+35      scb+19     256.75              5 35.93                5 
1710  J1707-2133    LL         256.9              10 -21.55               7 

1711  B1703-40      jlm+92     256.84075           9 -40.8986             3 
1712  J1707-4341    kbm+03     256.91712           5 -43.68667           17 
1713  J1707-4414    pmsingle   256.75              3 -44.233             17 
1714  J1707-4417    kle+10     256.92254          13 -44.2886             3 
1715  J1707-4729    kbm+03     256.81478           3 -47.49292            9 

1716  J1708+02      mbc+19     257.16250           0 1.80167              0 
1717  J1708-3426    mld+96     257.24079           5 -34.44556           17 
1718  J1708-3506    kjv+10     257.0734259846      5 -35.106293383        3 
1719  J1708-3639    CN         257.230            10 -36.709              7 
1720  J1708-3641    ncb+15     257.14963          13 -36.6893             4 

1721  J1708-3827    kbm+03     257.069             3 -38.460              5 
1722  J1708-4008    snt+97     257.1953            3 -40.14790           20 
1723  J1708-4406    ll0511     257.418            10 -44.021              7 
1724  J1708-4522    hfs+04     257.0538            3 -45.3808             9 
1725  J1708-52      bcm+15     257.0              10 -52.0                7 

1726  B1701-75      mlt+78     257.010             3 -75.6564             9 
1727  J1709+2313    fcwa95     257.27413           3 23.224403            3 
1728  B1706-16      lvw69b     257.360172          7 -16.68270            5 
1729  J1709-2613    ll0710     257.50454           5 -26.30172            3 
1730  J1709-3626    kbm+03     257.43813           9 -36.4343             3 

1731  J1709-3841    mlc+01     257.3166            8 -38.688              3 
1732  J1709-43      bbj+11     257.45             17 -43.91              12 
1733  J1709-4342    kbm+03     257.3787           17 -43.704              4 
1734  J1709-4401    bbb+12     257.42246          13 -44.01978           17 
1735  B1706-44      jlm+92     257.428033          9 -44.485622          17 

1736  J1709-6628    MB         257.322            10 -66.468              7 
1737  J1710+4923    slr+14     257.51850454       10 49.38652178          7 
1738  J1710-2616    bbb+12     257.5204            5 -26.276              6 
1739  J1710-37      ncb+15     257.62             13 -37.50              12 
1740  J1710-4148    kbm+03     257.59896          17 -41.8053             6 

1741  B1709-15      dtws85     257.97942           4 -15.16104           19 
1742  J1711-3721    CN         257.857            10 -37.395              7 
1743  J1711-3826    kbm+03     257.9352            4 -38.4372            14 
1744  J1711-4322    lfl+06     257.79400           5 -43.38142           14 
1745  B1707-53      mlt+78     257.97              3 -53.8378             3 

1746  J1712-1124    fast       258.20417           0 -11.40056            0 
1747  J1712-2715    ebvb01     258.04879           5 -27.2647             6 
1748  J1712-391     bri+06     258.106            10 -39.695              7 
1749  J1712-392     bri+06     258.132            10 -39.710              7 
1750  J1713+0747    fwc93      258.45639           0 7.79375              0 

1751  J1713+7810    scb+19     258.36279          13 78.17611             3 
1752  J1713-3844    kbm+03     258.2596            5 -38.741              3 
1753  J1713-3949    cpkm02     258.30929          13 -39.7632             4 
1754  J1713-5620    SMi        258.4              10 -56.34               7 
1755  J1714-1054    jbo+09     258.66717           3 -10.90303            9 

1756  J1714-3810    hg10a      258.5239            6 -38.17525           17 
1757  J1715+46      scb+19     258.95              8 46.05                5 
1758  J1715-3247    kel+09     258.8477            5 -32.7917             6 
1759  J1715-3700    mlc+01     258.7902            9 -37.001              4 
1760  J1715-3859    lfl+06     258.90787          13 -38.9903             3 

1761  J1715-3903    kbm+03     258.80867          17 -39.04919            3 
1762  J1715-4034    kbm+03     258.92050          13 -40.5717             3 
1763  J1715-4254    hfs+04     258.7939            4 -42.9150            12 
1764  J1715-4703    htru       258.974            10 -47.165              7 
1765  J1716-1546    .          259.01550           0 -15.77439            0 

1766  J1716-3720    mlc+01     259.0473            3 -37.3456             9 
1767  J1716-4005    eklk13     259.17525          17 -40.0908             6 
1768  J1716-4009    pmaccn     259.16325           5 -40.08931            3 
1769  J1716-4111    kel+09     259.18461           3 -41.18597           17 
1770  J1716-4711    bbb+12     259.00462           3 -47.18358            9 

1771  J1717+03      dsm+16     259.5               5 3.18                14 
1772  J1717-2357    LL         259.4              10 -23.96               7 
1773  B1714-34      jlm+92     259.33435           4 -34.41655           11 
1774  J1717-3737    kbm+03     259.31650           9 -37.6267             3 
1775  J1717-3847    kbm+03     259.327             3 -38.784              6 

1776  J1717-3953    lfl+06     259.3565            9 -39.899              3 
1777  J1717-4043    kbm+03     259.4496            3 -40.7306             6 
1778  J1717-40435   kbm+03     259.2583           17 -40.725              3 
1779  B1713-40      jlm+92     259.4684            9 -41.0556             9 
1780  J1717-5800    ebvb01     259.39854           9 -58.00150            9 

1781  J1718-3714    hfs+04     259.5775            7 -37.238              3 
1782  J1718-3718    hfs+04     259.5417           13 -37.315              4 
1783  J1718-3825    mlc+01     259.556521         17 -38.42168            5 
1784  J1718-41      ncb+15     259.55             13 -41.12              12 
1785  J1718-4107    CN         259.56000           0 -41.12467            0 

1786  J1718-4539    lfl+06     259.54958          17 -45.6544             3 
1787  J1719-1432    .          259.79197           0 -14.63360            0 
1788  J1719-1438    bbb+11a    259.7919706         3 -14.6335951         12 
1789  J1719-2330    bbb+12     259.9004           17 -23.50               2 
1790  J1719-2334    ll0511     259.886            10 -23.533              7 

1791  J1719-3450    .          259.80060           0 -34.97293            0 
1792  J1719-3458    ccb+20     259.800588         13 -34.97289            6 
1793  B1715-40      jlm+92     259.75718           5 -40.11653           12 
1794  J1719-4302    kbm+03     259.95321           5 -43.03650           17 
1795  J1720+00      dsm+16     260.2               5 0.67                14 

1796  J1720+2150    fcwa95     260.00542           9 21.83689            12 
1797  B1718-02      mlt+78     260.23862           5 -2.20664            14 
1798  B1717-16      stwd85     260.11083           0 -16.55997            0 
1799  J1720-2446    bbb+12     260.0936            3 -24.774              4 
1800  J1720-2451    ll0310     260.070            10 -24.782              7 

1801  B1717-29      dls72      260.14216           5 -29.5545             3 
1802  J1720-36      ncb+15     260.22             13 -36.88              12 
1803  J1720-3655    CN         260.17650           0 -36.92561            0 
1804  J1720-3659    mlc+01     260.00823           4 -36.98514           12 
1805  J1720-4553    .          260.00100           0 -45.88408            0 

1806  B1718-19      lbhb93     260.25617          18 -19.6140            20 
1807  J1721-1939    ebvb01     260.44421          17 -19.6636            14 
1808  J1721-2457    eb01b      260.2729079        13 -24.951714          14 
1809  B1718-35      jlm+92     260.38658           7 -35.5471             3 
1810  J1722+35      ttol16     260.52              5 35.30                5 

1811  J1722-3144    sb0210     260.60             10 -31.745              7 
1812  B1718-32      dls72      260.512329          9 -32.12925            6 
1813  B1718-36      jlm+92     260.54090           4 -36.54814           14 
1814  B1719-37      mlt+78     260.747            17 -37.2010            17 
1815  J1722-3822    CN         260.73725           0 -38.39275            0 

1816  J1722-4400    lfl+06     260.69382           5 -44.00922            9 
1817  J1723-2837    fsk+04     260.846607          4 -28.63255            4 
1818  J1723-2839    pmrepr     260.85100994171     5 -28.60758676247      3 
1819  J1723-2852    eklk13     260.9925           13 -28.881              5 
1820  J1723-3659    mlc+01     260.7816            8 -36.9873             3 

1821  J1723-38      ncb+15     260.8              13 -38.33              12 
1822  J1724-3149    hfs+04     261.1870            3 -31.8178            12 
1823  J1724-35      ekl09      261.18             15 -35.82              12 
1824  J1724-3505    mlc+01     261.1995            8 -35.0933            20 
1825  J1724-3549    pmsingle   261.00              3 -35.817             17 

1826  J1724-3600    mmsurv     261.07292           0 -36.00306            0 
1827  J1724-4500    lfl+06     261.1075           13 -45.0042            12 
1828  J1725-0732    crh+06a    261.30117           3 -7.54978             9 
1829  J1725-2052    LL         261.4              10 -20.87               7 
1830  J1725-2852    lfl+06     261.2913           13 -28.873              5 

1831  J1725-3149    LL         261.4              10 31.82                7 
1832  J1725-3546    mlc+01     261.4258           13 -35.7711            20 
1833  J1725-3848    kbm+03     261.250             3 -38.810              4 
1834  J1725-3853    mlb+12     261.3636            4 -38.884500          14 
1835  J1725-4043    kbm+03     261.42258          17 -40.7197             6 

1836  J1726-00      dsm+13     261.60             13 -0.25               14 
1837  J1726-2946    drl0106    261.820833          5 -29.7602778          3 
1838  J1726-2953    .          261.75168           0 -29.86134            0 
1839  J1726-31      kek+13     261.65             13 -31.95              12 
1840  J1726-3156    .          261.63750           0 -31.94611            0 

1841  J1726-3530    mlc+01     261.5313            3 -35.4994            12 
1842  J1726-3635    mlc+01     261.70671          13 -36.5960             4 
1843  J1726-4006    hfs+04     261.6390            3 -40.1006            12 
1844  J1726-52      brs+19     261.50000           0 -52.00000            0 
1845  J1727-2739    hfs+04     261.87908          13 -27.6481            12 

1846  J1727-29      kle+10     261.83             14 -29.98              12 
1847  J1727-2946    fsk+04     261.8128955         8 -29.776888           5 
1848  J1727-2951    ccb+20     261.75168           3 -29.8613             3 
1849  J1727-2959    pmsingle   261.75              3 -29.983             17 
1850  J1727-5136    SDB        262.0              10 -51.61               7 

1851  B1726-00      stwd85     262.14508           3 -0.12917             8 
1852  J1728-3733    mlc+01     262.1927            7 -37.552              3 
1853  J1728-4028    lfl+06     262.1153            8 -40.4694            12 
1854  J1729-2117    btb+15     262.29503           3 -21.2913             3 
1855  J1729-2121    mjk        262.30             10 -21.29               7 

1856  J1729-2557    LL         262.5              10 -25.95               7 
1857  J1730-2304    lnl+95     262.5902557         4 -23.075333           6 
1858  J1730-2900    lfl+06     262.5345            5 -29.013              4 
1859  B1727-33      jlm+92     262.63566           6 -33.8443             3 
1860  J1730-3353    hfs+04     262.7316            5 -33.894              4 

1861  J1730-34      ncb+15     262.53             13 -34.80              12 
1862  J1730-3448    CN         262.52067           0 -34.81161            0 
1863  J1731-1845    .          262.8233692         5 -18.79264969         3 
1864  J1731-1847    kjv+10     262.82337796        8 -18.7923888          9 
1865  J1731-3123    hfs+04     262.75221          13 -31.3953            12 

1866  J1731-33      ccb+20     262.95             10 -33.80              12 
1867  J1731-3322    ncb+15     262.8096            5 -33.3792             6 
1868  J1731-3325    CN         262.75158           0 -33.42433            0 
1869  J1731-3348    .          263.01883           0 -33.78178            0 
1870  B1727-47      lvw68      262.92591           3 -47.743543          17 

1871  J1732-1930    lml+98     263.08344          13 -19.5024            19 
1872  J1732-3131    aaa+09c    263.13975          13 -31.5231             6 
1873  J1732-3426    lfl+06     263.0299            3 -34.4347             9 
1874  J1732-35      ncb+15     263.13             10 -35.08              12 
1875  J1732-3512    CN         263.115            10 -35.161              7 

1876  J1732-3729    kbm+03     263.0867            3 -37.4847             9 
1877  B1729-41      mlt+78     263.2083            5 -41.4800            12 
1878  J1732-4156    hfs+04     263.20358          17 -41.9416             5 
1879  J1732-5049    eb01b      263.19902804        8 -50.81671130        12 
1880  B1730-22      dls73      263.36016          16 -22.477              3 

1881  J1733-2533    lfl+06     263.3578            4 -25.553              5 
1882  J1733-2837    lfl+06     263.3913            3 -28.626              3 
1883  J1733-3030    hfs+04     263.4954            3 -30.5136            20 
1884  J1733-3322    mhl+02     263.4800            4 -33.3675            12 
1885  B1730-37      jlm+92     263.361500          9 -37.28200            3 

1886  J1733-4005    hfs+04     263.49433          13 -40.0944             5 
1887  J1733-5515    bbb+12     263.2517           13 -55.2611            14 
1888  J1733-5516    ll1210     263.43000           0 -55.28047            0 
1889  B1732-02      dtws85     263.69025          11 -2.2109              4 
1890  J1734-2415    lfl+06     263.6733           13 -24.26               3 

1891  J1734-2859    ccb+20     263.50048           5 -28.9982             5 
1892  J1734-2900    AC         263.562            10 -28.994              7 
1893  J1734-3058    ncb+15     263.71183           3 -30.9782             3 
1894  J1734-3100    CN         263.70271           0 -31.02511            0 
1895  J1734-3333    mhl+02     263.61091752154     5 -33.55068155694      3 

1896  J1734-4838    .          263.50050           0 -48.64589            0 
1897  J1735+6320    scb+19     263.777342         17 63.333350            9 
1898  J1735-0243    blr+13     263.9504            9 -2.7300             14 
1899  B1732-07      ll76       263.7707208         5 -7.4144806           3 
1900  J1735-2303    LL         263.8              10 -23.06               7 

1901  J1735-3258    mhl+02     263.9872           15 -32.97273           12 
1902  J1736+05      cnst96     264.23              7 5.80                 9 
1903  J1736-2457    lfl+06     264.1893            4 -24.964              7 
1904  J1736-2819    hfs+04     264.1030            4 -28.328              5 
1905  J1736-2843    hfs+04     264.1775            7 -28.731              7 

1906  J1736-3511    kbm+03     264.0113           13 -35.199              4 
1907  J1737-0811    blr+13     264.4463015         6 -8.1858019          14 
1908  J1737-3102    mhl+02     264.39054          17 -31.0335            12 
1909  J1737-3137    mhl+02     264.26788          17 -31.6225             9 
1910  J1737-3320    hfs+04     264.2938            3 -33.3389            14 

1911  B1734-35      jlm+92     264.41683           3 -35.92883           12 
1912  J1738+0333    jac05      264.724851533      13 3.55301436           3 
1913  J1738+04      dsm+16     264.6               5 4.33                14 
1914  J1738-2330    lfl+06     264.5367           13 -23.51               3 
1915  J1738-2647    hfs+04     264.52096          17 -26.796              8 

1916  J1738-2734    CN         264.58087           0 -27.59247            0 
1917  J1738-2736    ncb+15     264.56095           3 -27.6072             3 
1918  J1738-2955    mhl+02     264.71717           9 -29.93262            5 
1919  J1738-3107    hfs+04     264.6975           13 -31.129              4 
1920  B1735-32      cjlm87     264.72577           4 -32.19823           16 

1921  J1738-3316    hfs+04     264.6435            3 -33.2671            14 
1922  J1739+0612    jbo+09     264.824858         17 6.2079               3 
1923  J1739-1025    LL         264.9              10 -10.42               7 
1924  J1739-1313    ebvb01     264.99092           3 -13.22183           12 
1925  J1739-2427    ll0310     264.89             10 -24.464              7 

1926  J1739-2521    cbmp17     264.8860            3 -25.366              5 
1927  B1736-29      cl86       264.892883          9 -29.05061            6 
1928  J1739-3023    mhl+02     264.91579          17 -30.38692            4 
1929  J1739-3049    mhl+02     264.8468            3 -30.8278            14 
1930  B1736-31      cl86       264.85127           3 -31.52092           14 

1931  J1739-3159    mhl+02     264.9528            4 -31.997              3 
1932  J1739-3951    lfl+06     264.90938          17 -39.8668             3 
1933  J1740+1000    mca00      265.10813           3 10.00175             6 
1934  B1737+13      mlt+78     265.030606          5 13.199081            9 
1935  J1740+27      scb+19     265.13              5 27.22                5 

1936  J1740-2540    hfs+04     265.1888            3 -25.672              5 
1937  J1740-2655    LL         265.1              10 -26.93               7 
1938  B1737-30      cl86       265.14092           5 -30.26208            6 
1939  J1740-3052    sml+01     265.20833           3 -30.86785            6 
1940  J1740-3327    hfs+04     265.10717          13 -33.4649             5 

1941  J1740-5340A   dlm+01     265.185788         17 -53.67803            3 
1942  J1741+1351    jbo+07     265.37978703233     5 13.86227061756       3 
1943  J1741+2758    fcwa95     265.47296           9 27.9692              3 
1944  J1741+3855    scb+19     265.30142           4 38.919417           17 
1945  B1738-08      mlt+78     265.3440121         5 -8.6754753           3 

1946  J1741-2019    ebvb01     265.27863          13 -20.3233            14 
1947  J1741-2054    aaa+09c    265.48867           9 -20.90328            9 
1948  J1741-21      mss+20     265.25000           0 -21.00000            0 
1949  J1741-2719    lfl+06     265.39608          17 -27.3231            20 
1950  J1741-2733    mhl+02     265.25558          17 -27.5642            20 

1951  J1741-2945    mhl+02     265.31029          17 -29.7597            14 
1952  J1741-3016    mhl+02     265.2793            3 -30.275              3 
1953  J1741-34      ncb+15     265.48             13 -34.32              12 
1954  J1741-3420    CN         265.474            10 -34.327              7 
1955  B1737-39      mlt+78     265.33              3 -39.4606             6 

1956  J1742-3957    lfl+06     265.5185            8 -39.956              3 
1957  J1742-4616    ebvb01     265.60875           9 -46.28153           12 
1958  J1743+05      dsm+16     265.8               5 5.48                14 
1959  B1740-03      mlt+78     265.78410          12 -3.6532              4 
1960  B1740-13      stwd85     265.90676           4 -13.86055           17 

1961  J1743-2442    hfs+04     265.8338            5 -24.715             12 
1962  B1740-31      jlm+92     265.90296           4 -31.8396             3 
1963  J1743-3153    mhl+02     265.81485           6 -31.8848             5 
1964  J1743-35      ncb+15     265.78             13 -35.53              12 
1965  J1743-3532    CN         265.77900           0 -35.53878            0 

1966  J1743-4212    ebvb01     265.77176           3 -42.20067            6 
1967  J1744-1134    bjb+97     266.123            17 -11.5819             6 
1968  J1744-1610    ebvb01     266.06889           3 -16.1766             3 
1969  J1744-2335    lml+98     266.2020            3 -23.599              8 
1970  J1744-3130    mhl+02     266.02368           6 -31.5011             9 

1971  J1744-3922    fsk+04     266.01115           5 -39.37253           12 
1972  J1744-5330    LL         266.07600           0 -53.51531            0 
1973  J1744-5337    bbb+12     266.16217          17 -53.6308             6 
1974  J1744-7619    cpw+18     266.002046          9 -76.320753           3 
1975  J1745+1017    bgc+13     266.390988          3 10.2979231           6 

1976  J1745+1252    scb+19     266.43412           9 12.87731             6 
1977  J1745+42      scb+19     266.45              8 42.88                5 
1978  J1745-0129    ebvb01     266.25858           5 -1.48836            12 
1979  J1745-0952    eb01b      266.2880617         9 -9.877689            5 
1980  J1745-2229    hfs+04     266.3196            3 -22.487              7 

1981  J1745-23      ccb+20     266.38             10 -23.42              12 
1982  J1745-2324    .          266.38025           0 -23.42047            0 
1983  J1745-2800    .          266.25000           0 -28.00000            0 
1984  J1745-2900    mgz+13     266.417359          4 -29.008304           3 
1985  J1745-2900A   .          266.41746           0 -29.00844            0 

1986  J1745-2910    dcl09      266.32             15 -29.17               5 
1987  J1745-2912    jkl+06     266.4492935        10 -29.2085500          9 
1988  B1742-30      kac+73     266.48460           5 -30.6732             4 
1989  J1745-3812    bbb+12     266.31425          17 -38.2020             3 
1990  J1745-3816    SDB        266.361            10 -38.207              7 

1991  J1745-5342    .          266.153            10 -53.673              7 
1992  J1746+2245    clm+05     266.50350          13 22.7580              3 
1993  J1746+2540    fcwa95     266.5286            3 25.67708             3 
1994  J1746-27      ncb+15     266.5              13 -27.85              12 
1995  J1746-2752    CN         266.489            10 -27.972              7 

1996  J1746-2829    .          266.61242           0 -28.48058            0 
1997  J1746-2849    dcl09      266.5139890         5 -28.8370514          6 
1998  J1746-2850    mmsurv     266.529             5 -28.8453             3 
1999  J1746-2856    jkl+06     266.7077283         3 -28.9497194          3 
2000  J1746-3239    pga+12     266.72895           4 -32.66550           20 

2001  J1747-1030    bbb+12     266.9930            3 -10.5014            12 
2002  J1747-2647    kel+09     266.87873           7 -26.7872            14 
2003  J1747-2802    mhl+02     266.8606            8 -28.044             10 
2004  J1747-2809    crgl09     266.84500          13 -28.15417           14 
2005  J1747-2958    cmgl02     266.81620           9 -29.9667             9 

2006  J1747-4036    kcj+12     266.95298707333     5 -40.61521469444      3 
2007  J1747-5254    ll0210     266.94             10 -52.901              7 
2008  J1748-1024    ll0310     266.978            10 -10.482              7 
2009  B1745-12      mlt+78     267.072532          8 -13.01447            4 
2010  B1745-20A     mlj+89b    267.219538          9 -20.36103           14 

2011  J1748-2021B   frb+08     267.2206371         4 -20.36079            6 
2012  J1748-2021C   frb+08     267.2132217         7 -20.364947          12 
2013  J1748-2021D   frb+08     267.2151944         3 -20.352059           5 
2014  J1748-2021E   frb+08     267.2200017         6 -20.358161           9 
2015  J1748-2021F   frb+08     267.2180579        13 -20.36092            3 

2016  J1748-2444    lmd+90     267.20213           9 -24.744              3 
2017  B1744-24A     lmd+90     267.009379          9 -24.77701           17 
2018  J1748-2446C   lmbm00     267.01890           5 -24.7763            12 
2019  J1748-2446D   rhs+05     267.02468           0 -24.76825            0 
2020  J1748-2446E   rhs+05     267.01421           0 -24.77653            0 

2021  J1748-2446F   rhs+05     267.02133           0 -24.77726            0 
2022  J1748-2446G   rhs+05     267.02355           0 -24.77961            0 
2023  J1748-2446H   rhs+05     267.02348           0 -24.78142            0 
2024  J1748-2446I   rhs+05     267.02031           0 -24.77955            0 
2025  J1748-2446J   rhs+05     267.01671           0 -24.79464            0 

2026  J1748-2446K   rhs+05     267.01629           0 -24.77994            0 
2027  J1748-2446L   rhs+05     267.01975           0 -24.77660            0 
2028  J1748-2446M   rhs+05     267.01925           0 -24.77799            0 
2029  J1748-2446N   rhs+05     267.02050           0 -24.78162            0 
2030  J1748-2446O   rhs+05     267.01951           0 -24.78094            0 

2031  J1748-2446P   rhs+05     267.02099           0 -24.77816            0 
2032  J1748-2446Q   rhs+05     267.01807           0 -24.78472            0 
2033  J1748-2446R   rhs+05     267.01954           0 -24.78061            0 
2034  J1748-2446S   rhs+05     267.01789           0 -24.77536            0 
2035  J1748-2446T   rhs+05     267.01247           0 -24.78137            0 

2036  J1748-2446U   rhs+05     267.01769           0 -24.77989            0 
2037  J1748-2446V   rhs+05     267.02128           0 -24.77620            0 
2038  J1748-2446W   rhs+05     267.02017           0 -24.77843            0 
2039  J1748-2446X   rhs+05     267.02331           0 -24.78666            0 
2040  J1748-2446Y   rhs+05     267.02124           0 -24.77903            0 

2041  J1748-2446Z   fre08      267.02061           0 -24.77947            0 
2042  J1748-2446aa  fre08      267.02422           0 -24.77835            0 
2043  J1748-2446ab  fre08      267.01983           0 -24.77856            0 
2044  J1748-2446ac  fre08      267.02519           0 -24.77570            0 
2045  J1748-2446ad  hrs+06     267.01603           0 -24.77830            0 

2046  J1748-2446ae  fre08      267.02069           0 -24.77937            0 
2047  J1748-2446af  fre08      267.01756           0 -24.77910            0 
2048  J1748-2446ag  fre08      267.02005           0 -24.77633            0 
2049  J1748-2446ah  fre08      267.01801           0 -24.77836            0 
2050  J1748-2446ai  fre08      267.01715           0 -24.78066            0 

2051  J1748-2446aj  crf+18     267.0208829         9 -24.776347          20 
2052  J1748-2446ak  crf+18     267.0153583         9 -24.77717            3 
2053  J1748-2446al  crf+18     267.0               8 -24.77              12 
2054  J1748-30      ncb+15     267.0              13 -30.28              12 
2055  J1748-3009    kek+13     267.09913           9 -30.15339           14 

2056  J1748-3017    CN         267.050            10 -30.274              7 
2057  J1748-5416    MB         267.249            10 -54.280              7 
2058  J1749+16      dsm+16     267.4               5 16.40               14 
2059  J1749+5952    scb+19     267.388450          9 59.876703            3 
2060  J1749-2146    ccb+20     267.33850           8 -21.775              3 

2061  J1749-2149    AC         267.433            10 -21.824              7 
2062  J1749-2347    hfs+04     267.3150            5 -23.79               3 
2063  J1749-2629    mhl+02     267.2970            3 -26.486              6 
2064  B1746-30      jlm+92     267.30622          12 -30.0430             9 
2065  J1749-4928    LL         267.42900           0 -49.47958            0 

2066  J1749-4931    bbb+12     267.34904          17 -49.5331             6 
2067  J1749-5417    bsb+19     267.44608          13 -54.29186            9 
2068  B1745-56      mlt+78     267.4354            5 -56.0886             9 
2069  J1750+07      dsm+16     267.7               5 7.55                14 
2070  J1750-2043    lfl+06     267.577             3 -20.72               3 

2071  J1750-2438    mhl+02     267.74911           4 -24.6494            20 
2072  J1750-2444    hfs+04     267.5957            4 -24.746             12 
2073  J1750-2536    kek+13     267.63912           9 -25.6119             9 
2074  J1750-28      ncb+15     267.5167            9 -28.75              12 
2075  J1750-2840    CN         267.545            10 -28.760              7 

2076  B1747-31      jlm+92     267.69716           4 -31.96226           16 
2077  J1750-3503    mld+96     267.68542           3 -35.05247           14 
2078  J1750-3703    .          267.55750571579     5 -37.05303378828      3 
2079  J1750-3703A   dpm+01a    267.557507          3 -37.053042           6 
2080  J1750-3703B   frb+08     267.5507375        17 -37.056369           6 

2081  J1750-3703C   frb+08     267.556059          3 -37.051550           9 
2082  J1750-3703D   frb+08     267.5545704        17 -37.051769           5 
2083  J1751-2516    mhl+02     267.9693            3 -25.279              8 
2084  J1751-2857    sfl+05     267.88622165        8 -28.9629222          9 
2085  J1751-3323    kbm+03     267.88635           5 -33.3943             3 

2086  B1747-46      wvl69      267.925971          9 -46.956889          14 
2087  J1752+2359    fcwa95     268.14758           9 23.99672             6 
2088  J1752-2410    hfs+04     268.24476           7 -24.174              5 
2089  B1749-28      tv68       268.244540          8 -28.11036            9 
2090  J1752-2821    mhl+02     268.10229          13 -28.353              3 

2091  J1753-12      bb10       268.2               3 -13.0                3 
2092  J1753-1914    lfl+06     268.39655           5 -19.2494             9 
2093  J1753-2240    kkl+09     268.41603           3 -22.6783             3 
2094  J1753-2243    .          268.41605           7 -22.679              5 
2095  B1750-24      cl86       268.37758          13 -25.007              4 

2096  J1753-28      ccb+20     268.28             10 -28.88              12 
2097  J1753-2853    .          268.27950           0 -28.89147            0 
2098  J1753-38      bb10       268.2               3 -38.82              12 
2099  J1754+0032    mbc+19     268.63157           0 0.54201              0 
2100  J1754+0036    VM         268.50000           0 0.60000              0 

2101  B1753+52      dtws85     268.5954450         5 52.0200678           3 
2102  J1754-2421    .          268.64329           5 -24.32400            3 
2103  J1754-2422    kjv+10     268.6523            3 -24.373             14 
2104  J1754-3014    mll+06     268.62575          17 -30.2508            14 
2105  J1754-3443    hfs+04     268.65572           6 -34.7316             3 

2106  J1754-3510    lfl+06     268.72757           3 -35.17861           14 
2107  J1755-0900    ll0710     268.776            10 -9.043               7 
2108  J1755-0903    bbb+12     268.79318           3 -9.06433             6 
2109  J1755-1650    lfl+06     268.79853           8 -16.8447             9 
2110  J1755-1817    .          268.89450           0 -18.28603            0 

2111  J1755-2025    kel+09     268.89917           3 -20.41667            0 
2112  J1755-2027    .          268.8992            3 -20.4147            20 
2113  J1755-2521    mhl+02     268.9988            4 -25.358             14 
2114  J1755-25211   hfs+04     268.8305            3 -25.353              5 
2115  J1755-2534    hfs+04     268.95758          13 -25.578              4 

2116  J1755-2550    ncb+15     268.910000         17 -25.8394             5 
2117  J1755-2553    CN         268.91400           0 -25.88628            0 
2118  J1755-26      ncb+15     268.81788          17 -26.000             17 
2119  J1755-2605    CN         268.810            10 -26.065              7 
2120  J1755-2725    mhl+02     268.9245            4 -27.429              7 

2121  J1755-33      kek+13     268.80             13 -33.52              12 
2122  J1755-3715    LLdec11    268.85850           0 -37.26097            0 
2123  J1755-3716    nbb+14     268.8976928        17 -37.269662          12 
2124  J1756+1822    naf03      269.07326           4 18.38203             6 
2125  J1756-2225    hfs+04     269.1065            4 -22.430             19 

2126  J1756-2251    fsk+04     269.1943068         3 -22.866519          14 
2127  B1753-24      cl86       269.24131           3 -24.5929            10 
2128  J1756-25      ncb+15     269.18             13 -25.47              12 
2129  J1756-2528    CN         269.18550           0 -25.46769            0 
2130  J1756-2619    kel+09     269.3310            4 -26.33               3 

2131  J1757-1500    bbb+12     269.30313           8 -15.0079             5 
2132  J1757-1503    MXB        269.282            10 -15.015              7 
2133  J1757-16      fau04      269.35             13 -16.43              12 
2134  J1757-1849    .          269.27917           0 -18.89500            0 
2135  J1757-1854    cck+18     269.2657669         3 -18.9009249         20 

2136  J1757-2223    mhl+02     269.461550         17 -22.3969            12 
2137  B1754-24      kom74      269.37844           0 -24.36877            0 
2138  J1757-27      ncb+15     269.478313          9 -27.75              12 
2139  J1757-5322    eb01       269.3131643         5 -53.3740078          5 
2140  J1758+3030    cnst96     269.60783           9 30.50667            17 

2141  J1758-1931    hfs+04     269.5233            3 -19.528              4 
2142  J1758-2206    mhl+02     269.68521          13 -22.113              6 
2143  J1758-2540    mhl+02     269.6331            4 -25.680             13 
2144  J1758-2630    mhl+02     269.6428            6 -26.503              6 
2145  J1758-2743    CN         269.47828           0 -27.76109            0 

2146  J1758-2846    lfl+06     269.56421          13 -28.7672            14 
2147  J1759-1025    ll0410     269.894            10 -10.475              7 
2148  J1759-1029    bbb+12     269.89292          17 -10.4992             9 
2149  J1759-1247    fast       269.95000           0 -12.78944            0 
2150  J1759-1736    lfl+06     269.8673            3 -17.6028            20 

2151  J1759-1903    hfs+04     269.9240            7 -19.055              8 
2152  J1759-1940    mhl+02     269.98767           7 -19.6747            14 
2153  J1759-1956    mhl+02     269.89758          17 -19.936              5 
2154  B1756-22      mlt+78     269.856837         17 -22.0925             6 
2155  J1759-2302    mhl+02     269.9551            4 -23.04               6 

2156  J1759-2307    mhl+02     269.87894           9 -23.121             13 
2157  J1759-24      ncb+15     269.85             13 -24.03              12 
2158  J1759-2402    CN         269.816            10 -24.039              7 
2159  J1759-2549    mhl+02     269.8963            4 -25.819             10 
2160  J1759-2922    lml+98     269.95103           6 -29.3687             7 

2161  J1759-3107    hfs+04     269.841900         17 -31.12272           14 
2162  J1759-55      .          269.80000           0 -55.15556            0 
2163  J1759-5505    .          269.89227           6 -55.09188            4 
2164  J1800+5034    slr+14     270.18488           5 50.57271             4 
2165  J1800-0125    crh+06a    270.09200          13 -1.42517            20 

2166  J1800-1647    CN         270.02400           0 -16.78981            0 
2167  J1800-2114    hfs+04     270.0512           17 -21.24               3 
2168  B1757-23      moh83      270.0              10 -23.7                3 
2169  J1800-2712    ll0210     270.14             10 -27.202              7 
2170  J1800-4653    SMi        270.2              10 -46.90               7 

2171  B1758-03      stwd85     270.344283         13 -3.96547             6 
2172  J1801-0857A   lrfs11     270.4608850         9 -8.958847            3 
2173  J1801-0857B   lrfs11     270.460691          3 -8.959114            9 
2174  J1801-0857C   lrfs11     270.461420          3 -8.959083            9 
2175  J1801-0857D   lrfs11     270.480689          3 -8.956758            9 

2176  J1801-1417    fsk+04     270.46280555        8 -14.2929239          6 
2177  J1801-1855    mhl+02     270.3429           13 -18.930             14 
2178  J1801-1909    mhl+02     270.44454          13 -19.1600            17 
2179  J1801-2115    hfs+04     270.3854            5 -21.255             15 
2180  J1801-2154    hfs+04     270.2862           15 -21.90199           13 

2181  B1758-23      mdt85      270.332562          3 -23.079066           3 
2182  B1757-24      mdt85      270.25007           4 -24.85764            6 
2183  B1758-29      jlm+92     270.445163         13 -29.34392            9 
2184  J1801-3210    kjv+10     270.3578712         5 -32.181590           3 
2185  J1801-3212    .          270.3578753487      5 -32.181550769        3 

2186  J1801-3458    lfl+06     270.4694            5 -34.9769            20 
2187  J1802+0128    ebvb01     270.61437           9 1.47325             12 
2188  J1802+03      dsm+13     270.68             13 3.63                14 
2189  J1802+0338    LL         270.6              10 3.64                 7 
2190  J1802-0444    LL         270.7              10 -4.74                7 

2191  J1802-0521    ll0511     270.565            10 -5.426               7 
2192  J1802-0523    bbb+12     270.5506            4 -5.3914             12 
2193  J1802-1038    ll0310     270.72             10 -10.635              7 
2194  J1802-1745    mhl+02     270.56187          13 -17.7547            20 
2195  J1802-2124    fsk+04     270.52222873        4 -21.4010166          9 

2196  J1802-2426    mhl+02     270.51292          17 -24.445              9 
2197  J1802-3346    kjv+10     270.7300            5 -33.7792            14 
2198  J1802-3349    .          270.708             5 -33.795              4 
2199  J1803-1616    hfs+04     270.89450          13 -16.2750            12 
2200  J1803-1857    mhl+02     270.99608          13 -18.955              3 

2201  J1803-1920    hfs+04     270.87267          13 -19.3447            20 
2202  B1800-21      cl86       270.964             5 -21.6187             3 
2203  J1803-2149    pga+12     270.79013           4 -21.8203            12 
2204  B1800-27      jlm+92     270.88205           7 -27.2018            10 
2205  J1803-3002    .          270.89636013925     5 -30.03328604008      3 

2206  J1803-3002A   pdc+05     270.89208           0 -30.03389            0 
2207  J1803-3002AA  .          270.89208           0 -30.03389            0 
2208  J1803-3002B   fre08      270.89208           0 -30.03389            0 
2209  J1803-3002C   fre08      270.89208           0 -30.03389            0 
2210  J1803-3328    .          270.9346           17 -33.48               3 

2211  J1803-3329    kjv+10     270.935221         17 -33.48631            9 
2212  B1802-07      dbl+93     271.207898          7 -7.59019             3 
2213  J1804-2228    mhl+02     271.1175            4 -22.472             16 
2214  J1804-2717    llb+96     271.08805453        8 -27.2920375         12 
2215  J1804-28      kek+13     271.20             13 -28.12              12 

2216  J1804-2858    VM         271.00635           0 -28.97961            0 
2217  B1802+03      stwd85     271.292311          9 3.10841              3 
2218  J1805+06      cck+16     271.5               3 6.2                  3 
2219  J1805-0619    ebvb01     271.38098           4 -6.32928            12 
2220  J1805-1504    lfl+06     271.2754            8 -15.077              5 

2221  J1805-2032    mhl+02     271.4045            3 -20.547              6 
2222  J1805-2037    mhl+02     271.36746          13 -20.621              4 
2223  J1805-2447    hfs+04     271.35804          13 -24.792              4 
2224  J1805-2948    bbb+12     271.42704           5 -29.8000             6 
2225  J1805-2949    ll1210     271.416            10 -29.831              7 

2226  J1805-4303    SMi        271.4              10 -43.06               7 
2227  J1806+1023    ebvb01     271.717142         13 10.38842             4 
2228  J1806+2819    kmk+18     271.604441          3 28.3169764          14 
2229  B1804-12      stwd85     271.52830           5 -11.9080             3 
2230  J1806-1618    hfs+04     271.6074            3 -16.311              3 

2231  J1806-1920    mhl+02     271.5275            9 -19.340             12 
2232  J1806-2125    mhl+02     271.5825           12 -21.4654             3 
2233  J1807+04      dsm+13     271.85             13 4.08                14 
2234  J1807+0756    rtj+96     271.963479          9 7.945386            14 
2235  B1804-08      mlt+78     271.9084475        17 -8.795353            6 

2236  J1807-0941    fast       271.94583           0 -9.68722             0 
2237  J1807-2459A   rgh+01     271.83481714        7 -24.9979892         19 
2238  J1807-2459B   cha03      271.8369634         3 -25.000532           5 
2239  J1807-2555    pmsingle   271.75              3 -25.917             17 
2240  J1807-2557    kle+10     271.80692           5 -25.9556            14 

2241  B1804-27      mlt+78     271.78540           4 -27.2508             4 
2242  J1808+00      cnst96     272.08              7 0.57                 9 
2243  J1808-0130    sb0310     272.16             10 -1.514               7 
2244  J1808-0813    mld+96     272.03930           4 -8.21717            19 
2245  J1808-1020    lfl+06     272.19014           3 -10.34675           12 

2246  J1808-1517    eklk13     272.16287           9 -15.2944             6 
2247  J1808-1726    lfl+06     272.1762           13 -17.441             12 
2248  J1808-2024    kds+98     272.163904         17 -20.411069          17 
2249  B1805-20      cl86       272.02665           5 -20.9688             8 
2250  J1808-2701    lfl+06     272.05512          17 -27.022              3 

2251  J1808-3249    ebvb01     272.01867           9 -32.8261             3 
2252  J1808-4634    .          272.04             10 -46.581              7 
2253  J1809+17      scb+19     272.27              5 17.07                5 
2254  J1809-0119    kjv+10     272.46400           5 -1.32472            12 
2255  J1809-0743    ebvb01     272.39967           5 -7.71706            14 

2256  J1809-1429    mhl+02     272.43962           4 -14.4903             4 
2257  J1809-1850    hfs+04     272.4050            5 -18.849              6 
2258  J1809-1917    mhl+02     272.429733          9 -19.29392           14 
2259  J1809-1943    fc         272.46287           5 -19.73108            3 
2260  J1809-2004    mhl+02     272.3161            7 -20.070             16 

2261  B1806-21      cjlm87     272.309706         16 -21.1508             4 
2262  J1809-2332    aaa+09c    272.45937          13 -23.53963            3 
2263  J1809-3547    lml+98     272.36242          17 -35.7883             6 
2264  J1809-3826    SDB        272.5              10 -38.44               7 
2265  J1810+0705    scb+19     272.69599           3 7.09342              6 

2266  J1810+1744    hrm+11     272.66              3 17.7437              3 
2267  J1810-0120    .          272.483             7 -1.335              17 
2268  J1810-1441    hfs+04     272.74651           6 -14.6927             4 
2269  J1810-1708    AC         272.650            10 -17.115              7 
2270  J1810-1709    ccb+20     272.61754          13 -17.1575            12 

2271  J1810-1820    mhl+02     272.73133          13 -18.3442            17 
2272  J1810-2005    clm+01     272.74577           3 -20.0855             4 
2273  B1806-53      mlt+78     272.685125         13 -53.6354722         17 
2274  J1811+0702    fcwa95     272.8351            3 7.04158              6 
2275  J1811-0154    ebvb01     272.83283          13 -1.90858            20 

2276  J1811-1049    kek+13     272.8211            4 -10.8175            12 
2277  J1811-1717    ncb+15     272.8605            8 -17.296              4 
2278  J1811-1721    CN         272.914            10 -17.309              7 
2279  J1811-1736    lcm+00     272.979308         13 -17.61047           12 
2280  J1811-1835    mhl+02     272.8738            4 -18.596              4 

2281  J1811-1925    ttdm97     272.8717            5 -19.4244             3 
2282  J1811-2404    .          272.83272           0 -24.08843            0 
2283  J1811-2405    kjv+10     272.83272521        8 -24.088451           3 
2284  J1811-2439    lfl+06     272.98138          13 -24.665              3 
2285  J1811-4314    SMi        272.8              10 -43.24               7 

2286  J1811-4930    kjv+10     272.845             7 -49.48               4 
2287  B1810+02      stwd85     273.22162           3 2.44920              5 
2288  J1812-15      ccb+20     273.15             13 -15.52              12 
2289  J1812-1530    AC         273.16050           0 -15.51458            0 
2290  B1809-173     cl86       273.03004           4 -17.3082             3 

2291  B1809-176     cjlm87     273.0660802         8 -17.5605197          6 
2292  J1812-1910    hfs+04     273.1454            5 -19.178              3 
2293  J1812-20      ccb+20     273.1524            3 -20.968              9 
2294  J1812-2057    AC         273.192            10 -20.963              7 
2295  J1812-2102    mhl+02     273.0872            3 -21.043              5 

2296  J1812-2526    lfl+06     273.13458          13 -25.4439            20 
2297  J1812-2748    kjv+10     273.16908           5 -27.8008             6 
2298  J1812-2749    .          273.170             3 -27.782             11 
2299  J1812-3039    bbb+12     273.18709           4 -30.6558             3 
2300  J1812-3046    ll0310     273.195            10 -30.656              7 

2301  J1813+1822    lwf+04     273.4115            3 18.3708              3 
2302  B1811+40      dth78      273.30534           3 40.22751             3 
2303  J1813-1246    aaa+09c    273.34904           5 -12.7664             5 
2304  J1813-1749    gh09b      273.39652           9 -17.83263            9 
2305  J1813-2113    mhl+02     273.41612          13 -21.217              3 

2306  J1813-2242    hfs+04     273.3715            4 -22.702             12 
2307  J1813-2617    .          273.419150          3 -26.36585            3 
2308  J1813-2621    fsk+04     273.4191319         5 -26.365849           5 
2309  J1814+1130    naf03      273.678092          9 11.512208           14 
2310  J1814+22      scb+19     273.65              5 22.38                5 

2311  J1814-0521    kjv+10     273.60888           9 -5.3603              3 
2312  J1814-0528    .          273.5208            5 -5.47142             3 
2313  J1814-0618    lfl+06     273.6719            3 -6.3005             10 
2314  J1814-1649    mhl+02     273.65562          17 -16.8244            14 
2315  J1814-1732    mmsurv     273.59625           0 -17.53833            0 

2316  J1814-1744    ckl+00     273.6796            3 -17.747              3 
2317  J1815+5546    slr+14     273.7739            3 55.77314            20 
2318  J1815-1738    hfs+04     273.8111            8 -17.63523           13 
2319  J1815-1910    mhl+02     273.76283          17 -19.167              3 
2320  J1816+4510    slr+14     274.1497265         3 45.1760727           3 

2321  J1816-0509    SDB        274.2              10 -5.16                7 
2322  J1816-0755    lfl+06     274.10226           3 -7.92292            12 
2323  J1816-1446    hfs+04     274.12162          13 -14.7750             9 
2324  B1813-17      clj+92     274.07776           3 -17.48408           19 
2325  J1816-1938    ll1210     274.278            10 -19.682              7 

2326  B1813-26      lvw69a     274.15397           3 -26.8314             3 
2327  J1816-4109    SMi        274.2              10 -41.17               7 
2328  J1816-5643    jbo+09     274.15193           3 -56.728361          17 
2329  J1817-0743    lfl+06     274.4575            3 -7.7219              4 
2330  J1817-1511    hfs+04     274.4008            3 -15.1942            17 

2331  J1817-1742    cla17      274.28764           3 -17.70031           17 
2332  J1817-1938    bbb+12     274.2784            4 -19.643              4 
2333  B1814-23      moh83      274.2              10 -23.2                3 
2334  B1813-36      mlt+78     274.27407           4 -36.30111            9 
2335  J1817-3837    lml+98     274.251125         17 -38.63325            6 

2336  J1818-0151    bbb+12     274.60737          13 -1.8650              4 
2337  J1818-0152    LLdec11    274.563            10 -1.817               7 
2338  J1818-1116    hfs+04     274.6102            3 -11.2747            20 
2339  B1815-14      cl86       274.599025          8 -14.37686            5 
2340  J1818-1444    pmrepr_pmaccn 274.6162            5 -14.8136             3 

2341  J1818-1448    eklk13     274.6163            3 -14.8106            20 
2342  J1818-1519    mhl+02     274.5608           13 -15.329             10 
2343  J1818-1541    mhl+02     274.65633          13 -15.6958            14 
2344  J1818-1556    kel+09     274.71646           9 -15.9344             6 
2345  J1819+1305    ebvb01     274.984275         13 13.08757             4 

2346  J1819-0925    hfs+04     274.96059           8 -9.4305              4 
2347  J1819-1008    hfs+04     274.91661           8 -10.1411            12 
2348  J1819-1108    pmaccn     274.87              5 -11.20               9 
2349  J1819-1114    eklk13     274.86992           5 -11.2453             3 
2350  J1819-1131    hfs+04     274.9923            5 -11.525              3 

2351  J1819-1318    lfl+06     274.9319            3 -13.3117            14 
2352  J1819-1408    mhl+02     274.987             3 -14.134             14 
2353  J1819-1458    mll+06     274.89233           5 -14.966667           3 
2354  J1819-1510    mhl+02     274.97371           4 -15.1724             4 
2355  J1819-17      ncb+15     274.88             13 -17.08              12 

2356  J1819-1706    CN         274.908            10 -17.083              7 
2357  J1819-1711    pmaccn     274.9596            5 -17.19667            3 
2358  J1819-1717    ekl09      274.9308            3 -17.2878            14 
2359  J1819-37      mss+20     274.75000           0 -37.00000            0 
2360  B1818-04      vlw69      275.2191392         5 -4.4604756           6 

2361  J1820-0509    lfl+06     275.09470           3 -5.16069            12 
2362  B1817-13      cl86       275.08233           6 -13.7709             3 
2363  J1820-1529    hfs+04     275.1721           12 -15.49507            5 
2364  B1817-18      jlm+92     275.162865         20 -18.30091           19 
2365  J1821+0155    rsm+13     275.4120153         3 1.9227758            6 

2366  J1821+1715    rtj+96     275.306262         17 17.263072           20 
2367  J1821+4147    slr+14     275.468107         17 41.784043           11 
2368  J1821-0256    lfl+06     275.29296           9 -2.9441              3 
2369  J1821-0331    kek+13     275.43625          13 -3.52019             3 
2370  J1821-1030    ll0310     275.48             10 -10.500              7 

2371  J1821-1419    hfs+04     275.3929           17 -14.324              9 
2372  J1821-1432    kel+09     275.41574           7 -14.5481             6 
2373  J1821-3052    SDB        275.5              10 -30.88               7 
2374  J1822+02      mss+20     275.50000           0 2.00000              0 
2375  J1822+0705    fcwa95     275.57684          12 7.0886               3 

2376  J1822+1120    lxf+05     275.56083           5 11.34894             6 
2377  J1822+2625    fast       275.67667           0 26.43250             0 
2378  J1822-0719    ccb+20     275.61697           7 -7.33194            20 
2379  J1822-0721    .          275.575            10 -7.336               7 
2380  J1822-0848    fsk+04     275.7161            4 -8.8164              4 

2381  J1822-0858    AC         275.628            10 -9.047               7 
2382  J1822-0902    ccb+20     275.64894           4 -9.04975            14 
2383  J1822-0907    hfs+04     275.6658            3 -9.1267              9 
2384  J1822-1252    hfs+04     275.6737           13 -12.880              9 
2385  B1820-14      cl86       275.72518           4 -14.00067           15 

2386  J1822-1604    rei+11     275.5750            5 -16.0741             5 
2387  J1822-1617    hfs+04     275.6525           13 -16.293              7 
2388  B1819-22      dls72      275.7456            4 -22.942              8 
2389  J1822-4209    mld+96     275.547317         13 -42.153050          20 
2390  B1821+05      mlt+78     275.879055          5 5.840086            12 

2391  J1823-0154    mld+96     275.96728           4 -1.90127            10 
2392  B1820-11      cl86       275.91794          17 -11.2531             7 
2393  J1823-1126    hfs+04     275.8328            5 -11.4344            14 
2394  J1823-1347    mhl+02     275.8510            4 -13.798              3 
2395  J1823-1526    hfs+04     275.8393            3 -15.4394            20 

2396  J1823-1807    mhl+02     275.7903            3 -18.126              3 
2397  B1820-30A     bbl+94     275.9186959        15 -30.361146          13 
2398  B1820-30B     bbl+94     275.923106         10 -30.36137           14 
2399  J1823-3021C   cha03      275.921465         15 -30.3607             3 
2400  J1823-3021D   lfrj12     275.91888           3 -30.36213           10 

2401  J1823-3021E   fre08      275.91875           0 -30.36117            0 
2402  J1823-3021F   fre08      275.91875           0 -30.36117            0 
2403  B1820-31      mlt+78     275.944952          5 -31.11382            3 
2404  J1824+10      cck+16     276.0               3 10.3                 3 
2405  J1824-0127    lfl+06     276.22263           5 -1.46428            12 

2406  J1824-0132    bsb+19     276.23156           4 -1.54000            12 
2407  B1821-11      cl86       276.12308           4 -11.31184           14 
2408  J1824-1159    mhl+02     276.23396           5 -11.9982             4 
2409  J1824-1350    CN         276.22496           8 -13.8745             5 
2410  J1824-1423    mhl+02     276.23911           3 -14.3848             4 

2411  J1824-1500    hfs+04     276.0588            3 -15.009              3 
2412  B1821-19      mlt+78     276.0023            8 -19.76760            9 
2413  J1824-2233    lfl+06     276.0430            3 -22.553              5 
2414  J1824-2328    lfl+06     276.1193            8 -23.471             17 
2415  B1821-24      .          276.13337           0 -24.86968            0 

2416  B1821-24A     lbm+87     276.13336617       13 -24.869676           3 
2417  J1824-2452B   fre08      276.13561           0 -24.86788            0 
2418  J1824-2452C   fre08      276.13414           0 -24.87075            0 
2419  J1824-2452D   fre08      276.13510           0 -24.87392            0 
2420  J1824-2452E   fre08      276.13787           0 -24.87041            0 

2421  J1824-2452F   fre08      276.13255           0 -24.82360            0 
2422  J1824-2452G   fre08      276.13761           0 -24.87145            0 
2423  J1824-2452H   fre08      276.13171           0 -24.87145            0 
2424  J1824-2452I   fre08      276.13540          17 -24.86883           17 
2425  J1824-2452J   fre08      276.13639           0 -24.86953            0 

2426  J1824-2452K   fre08      276.13541           0 -24.86984            0 
2427  J1824-2452L   fre08      276.13483           0 -24.86893            0 
2428  J1824-2537    ebvb01     276.12745           5 -25.6219             6 
2429  J1824-3051    LL         276.1              10 -30.86               7 
2430  J1824-3453    LL         276.11700           0 -34.89897            0 

2431  B1822+00      dtws85     276.313852         11 0.07214              3 
2432  J1825-0129    fast       276.28750           0 -1.49278             0 
2433  J1825-0135    MB         276.223            10 -1.556               7 
2434  J1825-0319    bbb+13     276.483138          3 -3.332658            5 
2435  J1825-0322    sb0210     276.481            10 -3.383               7 

2436  B1822-09      dls72      276.377475          9 -9.58922             6 
2437  J1825-1108    ncb+15     276.3263            9 -11.148              4 
2438  J1825-1114    CN         276.284            10 -11.193              7 
2439  B1822-14      cl86       276.2623            8 -14.78160           20 
2440  J1825-31      bbb+12     276.49167           0 -31.03889            0 

2441  J1825-3103    LL         276.540            10 -31.059              7 
2442  J1825-33      bb10       276.5               3 -33.3                3 
2443  J1825-4616    .          276.49792           0 46.27050             0 
2444  J1826-0156    sb0210     276.74             10 -1.941               7 
2445  B1823-11      cl86       276.52280           6 -11.5288             3 

2446  J1826-1256    aaa+09c    276.53554           5 -12.94250           14 
2447  B1823-13      cl86       276.554896         13 -13.57967            3 
2448  J1826-1419    mll+06     276.676629         17 -14.32267            9 
2449  J1826-1526    mhl+02     276.55250          13 -15.4342            14 
2450  J1826-2413    MXB        276.6491            4 -24.253006           3 

2451  J1826-2415    bsb+19     276.650108          4 -24.26514            9 
2452  J1827-0750    lfl+06     276.76140           3 -7.83867            17 
2453  J1827-0934    mhl+02     276.94118           7 -9.5712              4 
2454  B1824-10      cl86       276.77283           6 -9.97864            20 
2455  J1827-1446    cwp+17     276.8525            3 -14.7744            12 

2456  J1828+0625    rap+12     277.1168            3 6.4168               4 
2457  J1828+12      .          277.05417           0 12.42389             0 
2458  J1828+1221    .          277.09235           6 12.35574            11 
2459  J1828+1359    naf03      277.222242          9 13.99316             4 
2460  J1828-0611    hfs+04     277.08631           3 -6.19764            12 

2461  J1828-1007    hfs+04     277.12648           7 -10.1195             3 
2462  J1828-1057    hfs+04     277.1385            5 -10.95747           20 
2463  J1828-1101    mhl+02     277.078             6 -11.03079           14 
2464  J1828-1336    mhl+02     277.17854          17 -13.6125            14 
2465  J1828-2119    lfl+06     277.0898            3 -21.332              4 

2466  J1829+0000    lfl+06     277.44642          13 0.0024               4 
2467  J1829+2456    clm+04     277.3944450         9 24.9383869           9 
2468  J1829-0734    kbm+03     277.27238          17 -7.5728              9 
2469  J1829-0812    .          277.40542           0 -8.20214             0 
2470  J1829-1009    CN         277.27988           0 -10.18603            0 

2471  J1829-1011    ncb+15     277.27525          17 -10.1903            12 
2472  B1826-17      dls72      277.429738          9 -17.85108            8 
2473  J1830-0052    lfl+06     277.6279            3 -0.8817              5 
2474  J1830-0131    lfl+06     277.58172           5 -1.53003            17 
2475  J1830-10      ncb+15     277.53             13 -10.65              12 

2476  J1830-1033    CN         277.53467           0 -10.66003            0 
2477  B1828-11      cjlm87     277.6980            5 -10.9907             3 
2478  J1830-1103    ihs1108    277.65542           0 -11.06250            0 
2479  J1830-1135    mhl+02     277.5072            3 -11.5922            17 
2480  J1830-1312    .          277.6756            3 -13.2206             9 

2481  J1830-1313    kel+09     277.67492           9 -13.2212            13 
2482  J1830-1414    lfl+06     277.50146          17 -14.2436            12 
2483  J1830-3048    LL         277.7              10 -30.80               7 
2484  J1831-04      ccb+20     277.75             13 -4.48               12 
2485  J1831-0428    .          277.75050           0 -4.47517             0 

2486  J1831-0823    hfs+04     277.90139           4 -8.38997            14 
2487  J1831-0848    ll0310     277.79             10 -8.811               7 
2488  J1831-0952    lfl+06     277.89293           7 -9.8671              4 
2489  J1831-1223    mhl+02     277.8035            5 -12.392              4 
2490  J1831-1329    mhl+02     277.9832            3 -13.499              3 

2491  J1831-1423    hfs+04     277.87125          13 -14.3961            12 
2492  J1832+0029    lfl+06     278.2116           13 0.491                5 
2493  J1832+27      ttk+17     278.04167           0 27.96667             0 
2494  J1832-0212    CN         278.27246           0 -2.17692             0 
2495  J1832-0644    mhl+02     278.1778            3 -6.7338              8 

2496  J1832-0757    ll0310     278.01             10 -7.960               7 
2497  B1829-08      cl86       278.154221          9 -8.4510              4 
2498  J1832-0836    bbb+13     278.11497675       17 -8.6152692           9 
2499  B1829-10      cl86       278.170278          9 -10.35910            4 
2500  J1832-28      ebvb01     278.13              9 -28.72               9 

2501  J1833-0209    ncb+15     278.27255           4 -2.15456             9 
2502  B1831-03      dls72      278.4302254         5 -3.6505974           3 
2503  J1833-0556    hfs+04     278.4120            7 -5.935               3 
2504  J1833-0559    mhl+02     278.2817            3 -5.9903             14 
2505  B1830-08      cl86       278.417783         13 -8.4588              5 

2506  J1833-0831    gcl+10     278.43487          13 -8.51881            12 
2507  J1833-1034    gmga05     278.38988           9 -10.56875            9 
2508  J1833-1055    mhl+02     278.49333          13 -10.9253             9 
2509  B1828-60      mlt+78     278.3117           17 -60.3844            12 
2510  J1834+10      cnst96     278.61              7 10.73                9 

2511  B1831-00      dtws85     278.57190          17 -0.1815              5 
2512  J1834-0031    lfl+06     278.71289           6 -0.52619            17 
2513  B1831-04      dls73      278.606678         10 -4.43773             4 
2514  J1834-0602    mhl+02     278.65821          13 -6.0431              9 
2515  J1834-0633    hfs+04     278.6219            7 -6.5503             18 

2516  J1834-0731    hfs+04     278.56654           9 -7.518314           20 
2517  J1834-0742    hfs+04     278.63050          13 -7.7057              4 
2518  J1834-0812    bjl+11     278.624             4 -8.20                3 
2519  J1834-0845    kkp+12     278.71716          17 -8.76556            17 
2520  J1834-09      ncb+15     278.65             13 -9.25               12 

2521  J1834-0915    CN         278.644            10 -9.198               7 
2522  J1834-1202    hfs+04     278.59633          13 -12.0407             4 
2523  J1834-1710    kbm+03     278.72250           3 -17.1806             6 
2524  J1834-1855    lfl+06     278.6914            3 -18.9331            17 
2525  J1835-0114    ekl09      278.841325          4 -1.242669            6 

2526  J1835-0115    pmaccn     278.8413            3 -1.2428             12 
2527  J1835-0349    lfl+06     278.80394           5 -3.8194              3 
2528  J1835-0522    hfs+04     278.7838            3 -5.3689              9 
2529  J1835-0559    .          278.806            10 -6.031               7 
2530  J1835-0600    ccb+20     278.8344            3 -6.0000             12 

2531  B1832-06      cl86       278.77317           5 -6.71843            16 
2532  J1835-0847    MB         278.947            10 -8.774               7 
2533  J1835-0921    .          278.87550           0 -9.35306             0 
2534  J1835-0924    mhl+02     278.9084            5 -9.408               4 
2535  J1835-09242   ncb+15     278.84092           7 -9.4044              3 

2536  J1835-0928    CN         278.84550          13 -9.4595              6 
2537  J1835-0944    lfl+06     278.94439           3 -9.74089            12 
2538  J1835-0946    lfl+06     278.9369            4 -9.7772              9 
2539  J1835-1020    mhl+02     278.989910          5 -10.334583          17 
2540  J1835-1106    mld+96     278.8267            3 -11.1045             3 

2541  J1835-1548    lfl+06     278.9597            5 -15.811              3 
2542  J1835-3259A   drr11      278.93690           0 -32.99030            0 
2543  J1836+0915    fast       279.09583           0 9.25917              0 
2544  J1836+5925    aaa+09c    279.05697          12 59.42504             6 
2545  B1834-04      cl86       279.215793          7 -4.61047             3 

2546  J1836-0517    hfs+04     279.1050            5 -5.2931             12 
2547  B1834-10      mlt+78     279.224691         17 -10.13565            7 
2548  J1836-11      ncb+15     279.03             13 -11.28              12 
2549  J1836-1117    .          279.079            10 -11.253              7 
2550  J1836-1324    lfl+06     279.21786           4 -13.40933           14 

2551  J1836-2354A   lrfs11     279.1060216         5 -23.914552           9 
2552  J1836-2354B   lrfs11     279.101464         13 -23.90798           20 
2553  J1836-3028    LL         279.19800           0 -30.47778            0 
2554  J1837+0053    lfl+06     279.3685            3 0.8869               9 
2555  J1837+1221    ebvb01     279.27967          17 12.36500            17 

2556  J1837-0045    mld+96     279.38398           7 -0.75296            20 
2557  J1837-0329    sb0210     279.39             10 -3.485               7 
2558  J1837-0559    mhl+02     279.34855           3 -5.99128             6 
2559  J1837-0604    dkm+01     279.43146           5 -6.0803              3 
2560  B1834-06      cl86       279.31104           8 -6.8839              3 

2561  J1837-0820    MXB        279.43050           0 -8.33447             0 
2562  J1837-0822    bbb+12     279.41523           5 -8.37011            20 
2563  J1837-1243    mhl+02     279.28921          13 -12.7322             9 
2564  J1837-1332    pmjreaper  279.246             5 -13.4025             3 
2565  J1837-1837    ebvb01     279.47604           5 -18.6189             6 

2566  J1838+1523    sjm+18     279.69492           5 15.39039             3 
2567  J1838+1650    lxf+05     279.679425         17 16.837792           17 
2568  J1838-01      kek+13     279.62             13 -1.02               12 
2569  J1838-0106    CN         279.73604           0 -1.08744             0 
2570  J1838-0107    ncb+15     279.664263          9 -1.13018             3 

2571  J1838-0453    mhl+02     279.548             5 -4.89037            17 
2572  J1838-0537    pga+12a    279.73342          13 -5.6192              6 
2573  J1838-0549    hfs+04     279.65860           3 -5.82003             9 
2574  J1838-0624    hfs+04     279.7158            5 -6.4150             12 
2575  J1838-0655    gh08       279.51304           9 -6.92594             9 

2576  J1838-1046    mhl+02     279.61033          17 -10.7825            12 
2577  J1838-1711    pmrepr     279.512             5 -17.1944             3 
2578  J1838-1849    kek+13     279.64079          17 -18.8331            14 
2579  J1838-3439    SDB        279.5              10 -34.65               7 
2580  J1838-3439_A  .          279.51917           0 -34.65367            0 

2581  J1839-0141    mll+06     279.77910           4 -1.69889             6 
2582  J1839-0223    ncb+15     279.991800         13 -2.3860              5 
2583  J1839-0321    mhl+02     279.90633           4 -3.35300             9 
2584  J1839-0332    ncb+15     279.98576           5 -3.54961            17 
2585  J1839-0402    mhl+02     279.96275          13 -4.0402              4 

2586  J1839-0436    lfl+06     279.75027           4 -4.61597            20 
2587  J1839-0459    mhl+02     279.92758           9 -4.9997              5 
2588  J1839-0627    mhl+02     279.83525          13 -6.4594             14 
2589  J1839-0643    mhl+02     279.79085           6 -6.7292              5 
2590  J1839-0905    hfs+04     279.97275          13 -9.0873              3 

2591  J1839-1238    lfl+06     279.93212           8 -12.6446             5 
2592  J1840+0214    lfl+06     280.14203           8 2.24853             17 
2593  B1839+56      skk+80     280.1855717         5 56.6819033           3 
2594  J1840-0221    CN         280.00383           0 -2.39081             0 
2595  J1840-0333    CN         280.12367           0 -3.56075             0 

2596  J1840-0438    MXB        280.20450           0 -4.64092             0 
2597  J1840-0445    bbb+12     280.1896           13 -4.752               4 
2598  J1840-0559    hfs+04     280.09658          17 -5.9878              5 
2599  J1840-0625    .          280.0683           17 -6.442               3 
2600  J1840-0626    kel+09     280.0680            3 -6.4376             15 

2601  J1840-0643    kek+13     280.037251          6 -6.72668             3 
2602  J1840-0749    pmaccn     280.204             5 -7.9053              3 
2603  J1840-0753    eklk13     280.1983            5 -7.8922             17 
2604  J1840-0809    hfs+04     280.13902           3 -8.151006           12 
2605  J1840-0815    hfs+04     280.05732           4 -8.252467           12 

2606  J1840-0840    lfl+06     280.2163           17 -8.675               5 
2607  J1840-1122    hfs+04     280.10028           8 -11.3696             5 
2608  J1840-1207    lfl+06     280.22409           4 -12.12572           17 
2609  J1840-1417    pmsingle   280.1363            5 -14.2881             3 
2610  J1840-1419    kle+10     280.13767           5 -14.3185             3 

2611  J1841+0130    fsk+04     280.32400           4 1.50469              9 
2612  B1839+09      mlt+78     280.483166         12 9.202043            18 
2613  J1841-0157    hfs+04     280.48420           9 -1.9652              3 
2614  J1841-0310    hfs+04     280.3579            6 -3.173               3 
2615  J1841-0345    lkm+00     280.4112            3 -3.8118              5 

2616  J1841-04      ttm18      280.29              9 -4.8                 5 
2617  B1838-04      cl86       280.273596          5 -4.422083           20 
2618  J1841-0456    vg97       280.33060          13 -4.93643             9 
2619  J1841-0500    fc1011     280.3259            5 -5.0051              3 
2620  J1841-0524    hfs+04     280.4555            3 -5.4082              4 

2621  J1841-1404    lfl+06     280.3929           17 -14.072             12 
2622  J1841-1418    .          280.25000           0 -14.30000            0 
2623  J1841-7845    jbo+09     280.3579           17 -78.7542            12 
2624  J1842+0257    lfl+06     280.62887          17 2.9663               4 
2625  J1842+0358    lfl+06     280.57093           3 3.97647              9 

2626  J1842+0638    lfl+06     280.54167           8 6.63750             20 
2627  J1842+1332    ebvb01     280.6248            3 13.5337              3 
2628  J1842-0153    mhl+02     280.74113           6 -1.89075            17 
2629  J1842-0309    hfs+04     280.5793            3 -3.1628              9 
2630  B1839-04      cl86       280.61038           5 -4.000422           20 

2631  J1842-0415    lkm+00     280.54704           6 -4.26061            20 
2632  J1842-0612    hfs+04     280.6794            5 -6.2100             14 
2633  J1842-0759    CN         280.71900           0 -7.98953             0 
2634  J1842-0800    ncb+15     280.72893           6 -8.01486            20 
2635  J1842-0905    kbm+03     280.59229           9 -9.09167             9 

2636  J1842-27      mbc+19     280.50833           0 -27.97194            0 
2637  J1842-2758    VM         280.50833           0 -27.97194            0 
2638  J1842-2848    .          280.50833           0 -27.97194            0 
2639  J1843+01      pab+18     280.75000           0 1.00000              0 
2640  J1843+2024    zcwl96     280.8591            3 20.4152              4 

2641  J1843-0000    hfs+04     280.86652           4 -0.01153             6 
2642  J1843-0050    mhl+02     280.9030            3 -0.8361              9 
2643  J1843-0137    hfs+04     280.80263          13 -1.6295              4 
2644  J1843-0211    hfs+04     280.87637           9 -2.18411            20 
2645  J1843-0306    CN         280.97400           0 -3.10425             0 

2646  J1843-0355    mhl+02     280.77776           4 -3.93239             9 
2647  J1843-0408    hfs+04     280.9310            3 -4.1344              9 
2648  J1843-0418    CN         280.81500           0 -4.31022             0 
2649  J1843-0459    mhl+02     280.86518           8 -4.9918              4 
2650  J1843-0508    CN         280.85454           0 -5.16553             0 

2651  J1843-0510    ncb+15     280.79055           5 -5.16792            14 
2652  J1843-0702    hfs+04     280.843496          9 -7.0485              4 
2653  J1843-0744    kel+09     280.77286           4 -7.74169            14 
2654  J1843-0751    .          280.82400           0 -7.86300             0 
2655  J1843-0806    hfs+04     280.86965           5 -8.11247            20 

2656  J1843-1113    hfs+04     280.92192465        5 -11.22529683        20 
2657  J1843-1442    pmrepr     280.755727          3 -14.803478          17 
2658  J1843-1448    fsk+04     280.7557292        13 -14.803503           9 
2659  J1843-1507    lfl+06     280.89003           3 -15.1175             3 
2660  J1843-40      mbc+19     280.76250           0 -40.56417            0 

2661  J1844+00      cnst96     281.046             5 0.5833              14 
2662  J1844+0115    csl+12     281.1689475        13 1.259715             4 
2663  B1842+14      mlt+78     281.228727          5 14.903922            9 
2664  J1844+41      ttk+17     281.18750           0 41.28333             0 
2665  J1844-0030    hfs+04     281.17125           8 -0.5072              4 

2666  B1842-02      cl86       281.18740           7 -2.74470            18 
2667  J1844-0256    cpkm02     281.1255            3 -2.9032              6 
2668  J1844-03      tkk+98     281.238            13 -3.000              12 
2669  J1844-0302    ncb+15     281.02883           5 -3.03644            14 
2670  J1844-0310    lkm+00     281.1895            3 -3.1770              6 

2671  J1844-0346    cwp+17     281.13704           9 -3.7752              3 
2672  B1841-04      cjlm87     281.139385         20 -4.55345             7 
2673  J1844-0452    hfs+04     281.00642          17 -4.8725              6 
2674  J1844-0502    hfs+04     281.1415            3 -5.0335              7 
2675  B1841-05      cl86       281.02133           9 -5.6428              4 

2676  J1845+0623    lfl+06     281.28579          13 6.3993               3 
2677  J1845-0316    lkm+00     281.4704            5 -3.268               4 
2678  B1842-04      cjlm87     281.39462           3 -4.57495             8 
2679  J1845-0545    hfs+04     281.41037          17 -5.7551              3 
2680  J1845-0633    pmaccn     281.2921            5 -6.56361             3 

2681  J1845-0635    eklk13     281.28086           4 -6.5898              3 
2682  J1845-0743    kbm+03     281.4882637        17 -7.727381            6 
2683  J1845-0826    lfl+06     281.27372           8 -8.4444              4 
2684  J1845-1114    lfl+06     281.44074           3 -11.23639           14 
2685  J1845-1351    lfl+06     281.29792          13 -13.8651             6 

2686  J1846+0051    hfs+04     281.68259           9 0.86083             20 
2687  J1846+0919    sdz+10     281.608             3 9.329                4 
2688  J1846-0257    mll+06     281.56454          17 -2.9600              5 
2689  J1846-0258    gvbt00     281.60392           5 -2.97503             6 
2690  J1846-0749    lfl+06     281.58227           3 -7.82261             9 

2691  J1846-07492   kel+09     281.53333           4 -7.82033            17 
2692  J1846-4249    ll0710     281.67513           5 -42.73131            3 
2693  J1846-7403    jbo+09     281.5574            8 -74.0511             6 
2694  J1847-0130    msk+03     281.8967            4 -1.5128              9 
2695  B1844-04      dlp70      281.845175          9 -4.03733             3 

2696  J1847-0427    ncb+15     281.8286            3 -4.4664              6 
2697  J1847-0429    CN         281.84250           0 -4.49569             0 
2698  J1847-0438    mhl+02     281.90802           6 -4.6376              3 
2699  J1847-0443    hfs+04     281.96604          13 -4.7267              3 
2700  J1847-0605    mhl+02     281.83780           5 -6.0872              3 

2701  J1848+0351    nab+13     282.17600           5 3.85992              9 
2702  J1848+0604    lxf+05     282.22759           3 6.07967              9 
2703  J1848+0647    fcwa95     282.23337          13 6.79214             12 
2704  J1848+0826    nft95      282.18237           9 8.44331             20 
2705  J1848+12      ebvb01     282.12              9 12.83                9 

2706  J1848+1516    mhl+18     282.23387           9 15.27892            12 
2707  J1848-0023    hfs+04     282.1579            4 -0.3881             12 
2708  J1848-0055    hfs+04     282.1896            8 -0.9314             12 
2709  B1845-01      smb71      282.098290          7 -1.399536           14 
2710  J1848-0511    hfs+04     282.0625            6 -5.1939             14 

2711  J1848-0601    lfl+06     282.08479           6 -6.0188              3 
2712  J1848-1150    lfl+06     282.04921          13 -11.8359             5 
2713  J1848-1237    LL         282.0              10 -12.63               7 
2714  J1848-1243    mll+06     282.07511           6 -12.7250             3 
2715  J1848-1414    mld+96     282.16315           9 -14.2382             6 

2716  B1845-19      mlt+78     282.07514          20 -19.8752            19 
2717  J1849+0127    mhl+02     282.4341            7 1.4564              12 
2718  J1849+0409    lfl+06     282.26446           6 4.16175             14 
2719  J1849+15      .          282.23333           0 15.36833             0 
2720  J1849+2423    mca00      282.3944846        17 24.396104            4 

2721  J1849+2559    scb+19     282.448146          5 25.999350            6 
2722  J1849-0001    ghtm11     282.25680          17 -0.02151            17 
2723  J1849-0040    hfs+04     282.2927            4 -0.6722             17 
2724  J1849-0317    mhl+02     282.49104          13 -3.2919              9 
2725  J1849-0614    hfs+04     282.43815           8 -6.2421              3 

2726  B1846-06      dls72      282.276815         18 -6.61859             6 
2727  J1850+0026    mhl+02     282.68810           5 0.4404               3 
2728  J1850+0124    csl+12     282.504225          4 1.409614             9 
2729  J1850+0242    skl+15     282.673679          5 2.715956             9 
2730  J1850+0423    nab+13     282.59762           5 4.38589             12 

2731  B1848+13      stwd85     282.647807         10 13.599554           17 
2732  J1850+15      bb10       282.5               3 15.5                 3 
2733  J1850-0006    kel+09     282.6997            4 -0.1072             13 
2734  J1850-0026    kel+09     282.561308         17 -0.43656             6 
2735  J1850-0031    hfs+04     282.6391            4 -0.5192             12 

2736  J1851+0118    hfs+04     282.9674            6 1.3164              14 
2737  J1851+0233    lbh+15     282.78804           8 2.5629               3 
2738  B1848+04      bbf84      282.76375           6 4.30334             11 
2739  B1848+12      stwd85     282.80506           3 12.99313             4 
2740  J1851-0029    kel+09     282.97955           5 -0.49947            14 

2741  J1851-0053    hfs+04     282.7632            4 -0.8854              6 
2742  J1851-0114    lfl+06     282.81838          13 -1.2371              4 
2743  J1851-0241    hfs+04     282.8136            5 -2.6919              9 
2744  J1851-06      ccb+20     282.80             13 -6.63               12 
2745  J1851-0633    ccb+20     282.92352           3 -6.56344             6 

2746  J1851-0634    .          282.92352           0 -6.56345             0 
2747  J1851-0638    .          282.885            10 -6.584               7 
2748  J1852+0008    hfs+04     283.17825          13 0.1360               3 
2749  J1852+0013    hfs+04     283.17408           9 0.2325               4 
2750  B1849+00      cjlm87     283.1143            5 0.5339              11 

2751  J1852+0033    zcl+14     283.1942            5 0.5558               5 
2752  J1852+0040    ghs05      283.16071          17 0.67217             17 
2753  J1852+0305    mhl+02     283.136             3 3.085                3 
2754  J1852-0118    hfs+04     283.07146          13 -1.3041              5 
2755  J1852-0127    hfs+04     283.01500          17 -1.4565              4 

2756  J1852-0635    hfs+04     283.23937           3 -6.600125            6 
2757  J1852-2610    mld+96     283.24778           6 -26.1702             5 
2758  J1853+0011    hfs+04     283.37492           4 0.19183              9 
2759  J1853+0056    mhl+02     283.3861            7 0.9497              12 
2760  J1853+03      lbh+15     283.25000           0 3.00000              0 

2761  J1853+0303    .          283.25000           0 3.05000              0 
2762  J1853+04      pab+18     283.25000           0 4.00000              0 
2763  J1853+0505    hfs+04     283.2682            3 5.0906               5 
2764  J1853+0545    kbm+03     283.493379          5 5.765350             9 
2765  J1853+0853    lfl+06     283.3420            5 8.8881               9 

2766  J1853+1303    fsk+04     283.488826273      17 13.062236346        20 
2767  J1853-0004    hfs+04     283.34595           4 -0.07594             9 
2768  J1853-0649    lbr+13     283.35593          15 -6.8239              8 
2769  J1853-1055    .          283.39667           0 -10.93219            0 
2770  J1854+00      lbh+15     283.50000           0 0.00000              0 

2771  J1854+0306    dcm+09     283.51242          13 3.1039               3 
2772  J1854+0310    pmsingle   283.5967            5 3.17078              3 
2773  J1854+0315    pmrepr_pmaccn 283.579             5 3.2644               3 
2774  J1854+0317    eklk13     283.6211            3 3.2919               9 
2775  J1854+0319    lsb+17     283.50046           5 3.32022             14 

2776  B1852+10      sstd86     283.6222            4 10.7784              6 
2777  J1854-0037    fast       283.65417           0 -0.61944             0 
2778  J1854-0154    fast       283.60167           0 -1.89316             0 
2779  J1854-0523    AC         283.68450           0 -5.39611             0 
2780  J1854-0524    ccb+20     283.73062           9 -5.4064              6 

2781  B1851-14      mlt+78     283.68455           4 -14.35734           17 
2782  J1854-1557    bbj+11     283.7233            5 -15.963              4 
2783  J1854-1559    .          283.723             3 -15.96               3 
2784  J1855+0205    nab+13     283.92519           3 2.09344              6 
2785  J1855+0306    lsb+17     283.9093            3 3.1061               9 

2786  J1855+0307    hfs+04     283.86096          13 3.1223               3 
2787  J1855+0422    mhl+02     283.9224            5 4.3797              12 
2788  J1855+0527    kel+09     283.81280           8 5.4613               3 
2789  J1855+0528    .          283.8121            9 5.4614               6 
2790  J1855+0700    hfs+04     283.82383          17 7.0103               3 

2791  J1855-0756    fast       283.81667           0 -7.94528             0 
2792  J1855-0941    ebvb01     283.81533          13 -9.6839              3 
2793  J1855-0949    fast       283.96250           0 -9.82694             0 
2794  J1855-1436    san16      283.9759525        13 -14.602494           9 
2795  J1855-1621    MXB        283.84050           0 -16.35711            0 

2796  J1856+0102    hfs+04     284.11876           6 1.03628             14 
2797  B1853+01      wcd91      284.04438          17 1.2226               4 
2798  J1856+0245    hng+08     284.2121           13 2.763                3 
2799  J1856+0404    mhl+02     284.1108           13 4.0739              14 
2800  J1856+09      pab+18     284.00000           0 9.00000              0 

2801  J1856-0526    lfl+06     284.09157           7 -5.4491              3 
2802  J1856-3754    tm07       284.1475            7 -37.90994            6 
2803  B1854+00      moh83      284.25337          14 0.9547               4 
2804  J1857+0143    hfs+04     284.38753           7 1.7297               3 
2805  J1857+0210    mhl+02     284.42042          17 2.1828               9 

2806  B1855+02      cl86       284.431843         13 2.21142              3 
2807  J1857+0300    lsb+17     284.32046          13 3.0072               4 
2808  J1857+0526    kbm+03     284.31607           4 5.44131             14 
2809  J1857+0809    hfs+04     284.28879          13 8.1512               3 
2810  B1855+09      srs+86     284.40164           0 9.72148              0 

2811  J1857-1027    ebvb01     284.3602            3 -10.4503             6 
2812  J1858+02      lbh+15     284.50000           0 2.00000              0 
2813  J1858+0215    mhl+02     284.5726            6 2.261                3 
2814  J1858+0241    hfs+04     284.7242            6 2.6939              17 
2815  J1858+0319    lsb+17     284.67033          13 3.3226               3 

2816  J1858+0346    nab+13     284.59317           9 3.7772               3 
2817  J1858-0736    kek+13     284.685             3 -7.62               12 
2818  J1858-2216    san16      284.574497          4 -22.28233            3 
2819  J1859+00      cnst96     284.942             5 0.5833              14 
2820  J1859+0601    hfs+04     284.9407            3 6.0295               5 

2821  J1859+0603    lsb+17     284.92555           7 6.06514             14 
2822  J1859+07      pab+18     284.75000           0 7.00000              0 
2823  J1859+1526    nft95      284.93495           3 15.43639             6 
2824  J1859+7654    slr+14     284.90010          18 76.91545             4 
2825  J1859-0131    .           285.10856           0 -1.57722             0 

2826  J1900+0227    mhl+02     285.16083          17 2.4589               6 
2827  J1900+0308    csl+12     285.2106450        13 3.140022             4 
2828  J1900+0438    lsb+17     285.05562          13 4.6463               4 
2829  J1900+0634    hfs+04     285.11681           9 6.57247             17 
2830  J1900+30      cnst96     285.07              7 30.88                9 

2831  J1900-0051    hfs+04     285.19435           3 -0.85233            14 
2832  J1900-0134    qpl+19     285.10906           3 -1.57728             9 
2833  J1900-0928    DT         285.05833           0 -9.46903             0 
2834  J1900-0933    bbb+12     285.12996          13 -9.5634              5 
2835  B1857-26      vl70       285.198258         17 -26.01217           14 

2836  B1851-79      mlt+78     285.10              3 -79.8634             3 
2837  J1901+00      cnst96     285.38              7 0.43                 9 
2838  J1901+0124    hfs+04     285.46894           6 1.4137               3 
2839  B1859+01      stwd85     285.392869          9 1.94395              3 
2840  J1901+0234    lbh+15     285.36221          13 2.5809               3 

2841  J1901+0254    hfs+04     285.3153            3 2.9114              14 
2842  J1901+0300    skl+15     285.4984033         5 3.0064789           14 
2843  J1901+0320    hfs+04     285.2625            4 3.3383              12 
2844  B1859+03      dlp70      285.388487          9 3.518223            20 
2845  J1901+0355    hfs+04     285.37838          17 3.9330               3 

2846  J1901+0413    mhl+02     285.2929            5 4.2308              17 
2847  J1901+0435    lfl+06     285.3842           13 4.590                3 
2848  J1901+0459    lbh+15     285.32279          17 4.9852               4 
2849  J1901+0510    hfs+04     285.4910            5 5.1761              12 
2850  J1901+0511    lsb+17     285.4288            3 5.1834               5 

2851  J1901+0621    cfl+06     285.2748            4 6.3553              12 
2852  B1859+07      cjlm87     285.41224           6 7.27633             11 
2853  J1901+11      pab+18     285.25000           0 11.00000             0 
2854  J1901+1306    nft95      285.45321           9 13.11342            20 
2855  J1901-0312    hfs+04     285.31531           8 -3.2082              3 

2856  J1901-0315    lfl+06     285.3180            4 -3.2540              6 
2857  J1901-0906    lml+98     285.4708696        13 -9.103096            3 
2858  J1901-1740    ebvb01     285.3251            3 -17.6667            17 
2859  J1902+02      lbh+15     285.50000           0 2.00000              0 
2860  J1902+0248    hfs+04     285.7094            3 2.8156               9 

2861  B1900+05      ht74       285.677585         15 5.94053              3 
2862  B1900+06      lh81       285.709488         13 6.275947            20 
2863  J1902+0723    nft95      285.5564            4 7.3975              12 
2864  J1902-0340    hfs+04     285.7113            8 -3.6717             12 
2865  J1902-1036    bbb+12     285.67666           5 -10.60361           20 

2866  J1902-1039    .          285.68717           0 -10.61969            0 
2867  J1902-5105    kcj+12     285.51186844708     5 -51.09915834722      3 
2868  J1902-5109    .          285.50635043342     5 -51.15422129633      3 
2869  B1900+01      dls73      285.874942          5 1.594036            12 
2870  J1903+0327    crl+08     285.77413839        5 3.455335864         17 

2871  J1903+0415    lbh+15     285.75000           0 4.25000              0 
2872  J1903+0601    hfs+04     285.83697           7 6.02611             17 
2873  J1903+0654    lsb+17     285.9803            3 6.9109               5 
2874  J1903+0925    lfl+06     286.1508            6 9.4183              17 
2875  J1903+2225    nft95      285.97062           9 22.42008             9 

2876  J1903-0258    lfl+06     285.87643           5 -2.97100            20 
2877  B1900-06      dls72      285.908058          9 -6.53931             3 
2878  J1903-0848    DT         285.804            10 -8.810               7 
2879  J1903-7051    ckr+15     285.9116426204      5 -70.862065828        3 
2880  J1904+0004    mld+96     286.052992          7 0.068136            12 

2881  J1904+0412    clm+01     286.130758         17 4.20164              3 
2882  J1904+0451    skl+15     286.2474367         9 4.865265             3 
2883  J1904+0738    cfl+06     286.031387          5 7.647692            12 
2884  J1904+0800    kbm+03     286.01458           9 8.0146               3 
2885  B1901+10      ht75b      286.01037           9 10.19294            14 

2886  J1904-0150    lfl+06     286.23148           5 -1.84236            14 
2887  J1904-1224    lml+98     286.13867           6 -12.4004             3 
2888  J1904-1624    MXB        286.19100           0 -16.41308            0 
2889  J1904-1629    bbb+12     286.21404          13 -16.4886             9 
2890  J1904-1950    ll0210     286.16             10 -19.835              7 

2891  J1905+0154A   hrs+07     286.3142           17 1.909                7 
2892  J1905+0400    hfs+04     286.36780598        7 4.00302306          17 
2893  J1905+0414    pab+18     286.25000           0 4.23333              0 
2894  J1905+0600    hfs+04     286.2681            3 6.0166               4 
2895  J1905+0616    lxf+05     286.27854           3 6.27131              3 

2896  B1903+07      cl86       286.47343           9 7.15538             17 
2897  J1905+0902    cfl+06     286.331396          9 9.04236              3 
2898  B1902-01      stwd85     286.36563           3 -0.94467             9 
2899  J1905-1314    fast       286.27083           0 -13.24333            0 
2900  J1906+0055    lbh+15     286.70283546       17 0.9188572            3 

2901  J1906+0414    lfl+06     286.74080           3 4.24151              4 
2902  J1906+0454    pkr+19     286.6964154         3 4.9025117            6 
2903  J1906+0509    lsb+17     286.73540           7 5.15989             17 
2904  B1904+06      cl86       286.646854         12 6.68414              3 
2905  J1906+0649    hfs+04     286.54987          13 6.8300               3 

2906  J1906+0722    cpw+15     286.63000           5 7.38217             12 
2907  J1906+0725    lbh+15     286.50000           0 7.41667              0 
2908  J1906+0746    lsf+06     286.70358          17 7.77386             20 
2909  J1906+0912    mhl+02     286.61858          13 9.2157               5 
2910  J1906+1854    nft95      286.68629           9 18.90236            12 

2911  J1906-1525    LL         286.764            10 -15.547              7 
2912  J1907+0249    hfs+04     286.92512          17 2.8281               9 
2913  J1907+0255    lbh+15     286.82458          17 2.9174               3 
2914  J1907+0345    hfs+04     286.81060           8 3.75294             12 
2915  J1907+05      lbh+15     286.75000           0 5.00000              0 

2916  J1907+0534    mhl+02     286.8472            9 5.581                4 
2917  J1907+0602    aaa+09c    286.97808           5 6.03803              9 
2918  J1907+0631    lsb+17     286.76590           8 6.52192             17 
2919  J1907+0731    hfs+04     286.97829          13 7.52275             14 
2920  J1907+0740    mhl+02     286.93382           6 7.6729               3 

2921  J1907+0859    lsb+17     286.75797           5 8.99550             12 
2922  J1907+0918    lx00       286.843504         17 9.308544            12 
2923  J1907+0919    ksh+99     286.80971           5 9.32225              6 
2924  J1907+1149    lfl+06     286.9074            3 11.8270              5 
2925  B1904+12      ht75b      286.79458           9 12.79331            14 

2926  B1905+39      dth78      286.89440           4 40.03492             4 
2927  J1907+57      mss+20     286.75000           0 57.00000             0 
2928  J1907-1532    bbb+12     286.77825           5 -15.5375             3 
2929  J1908+0457    zcwl96     287.0673            5 4.9614               6 
2930  J1908+0500    nft95      287.02151           5 5.01512              5 

2931  J1908+0734    nft95      287.070875         13 7.57066              4 
2932  J1908+0833    lsb+17     287.08733           7 8.55875             14 
2933  J1908+0839    mhl+02     287.07713          17 8.6664               4 
2934  J1908+0909    mhl+02     287.03099           6 9.15344             14 
2935  B1906+09      ht75b      287.2448            3 9.2706               3 

2936  J1908+2351    lwf+04     287.1331            3 23.8616              3 
2937  B1907+00      dls73      287.396907          9 0.13271              3 
2938  B1907+02      dls72      287.409627         12 2.91408              3 
2939  J1909+0616    mhl+02     287.46337          17 6.2811               6 
2940  J1909+0641    dcm+09     287.371050         17 6.69050              6 

2941  J1909+0749    nab+13     287.2842            9 7.8256              14 
2942  J1909+0912    mhl+02     287.3330            3 9.2149               5 
2943  B1907+10      dls73      287.452845          4 11.0341789           9 
2944  J1909+1148    lbh+15     287.380746         13 11.81663             3 
2945  J1909+1450    nft95      287.3623            4 14.8494              6 

2946  J1909+1859    nft95      287.32752           4 18.98632             4 
2947  J1909+21      cck+16     287.4               3 21.1                 3 
2948  J1909-2243    SDB        287.4              10 -22.72               7 
2949  J1909-3744    jbv+03     287.447652429       5 -37.737328222       14 
2950  J1910+0225    hfs+04     287.54316           8 2.42322             14 

2951  B1907+03      mb75       287.53777          12 3.9745               3 
2952  J1910+0517    lsf+17     287.65795           6 5.29892             14 
2953  J1910+0534    mhl+02     287.6105            4 5.5692              12 
2954  J1910+0714    nft95      287.57749           7 7.23661             14 
2955  J1910+0728    hfs+04     287.59200           3 7.47697              5 

2956  J1910+1027    lbh+15     287.50000           0 10.45000             0 
2957  B1907+12      ht75b      287.55641          16 12.5278              4 
2958  J1910+1256    fsk+04     287.54042286        3 12.94040529          4 
2959  J1910+56      scb+19     287.67             10 56.92                5 
2960  J1910-0112    lfl+06     287.5654           17 -1.202               4 

2961  B1907-03      mlt+78     287.623717          9 -3.16503             3 
2962  J1910-0556    .          287.56885           3 -5.94165            11 
2963  J1910-06      .          287.62083           0 -5.88667             0 
2964  J1910-1841    .          287.65800           0 -18.68442            0 
2965  J1910-5959A   dlm+01     287.92814829       13 -59.97413955         9 

2966  J1910-5959B   dpf+02     287.716897          3 -59.9835733         17 
2967  J1910-5959C   dpf+02     287.7731473        17 -60.0165837         12 
2968  J1910-5959D   dpf+02     287.718404          3 -59.9848540         14 
2969  J1910-5959E   dpf+02     287.717316          3 -59.9839115         20 
2970  J1911+00      mll+06     287.95             13 0.62                12 

2971  B1908+00A     dma+93     287.79620654       17 1.0360392            6 
2972  J1911+0101B   fhn+05     287.8023854        17 1.030678             6 
2973  J1911+09      lbh+15     287.75000           0 9.00000              0 
2974  J1911+10      lbh+15     287.75000           0 10.00000             0 
2975  J1911+1347    fsk+04     287.980015092       9 13.792877372        10 

2976  J1911+1758    nft95      287.98079           3 17.97939             4 
2977  J1911-1114    llb+96     287.95534304       13 -11.2395781          9 
2978  B1910+10      ht75b      288.19304           5 10.61156             9 
2979  B1910+20      dls73      288.1805796         5 21.0760906           3 
2980  J1912+2525    nft95      288.07761           5 25.41726             4 

2981  J1913+0446    kbm+03     288.46175          17 4.7683               6 
2982  J1913+0618    lbh+15     288.3244942         9 6.3022992           14 
2983  J1913+0657    lsb+17     288.38717          17 6.9568               3 
2984  J1913+0832    mhl+02     288.25208           9 8.53475             14 
2985  J1913+0904    lfl+06     288.33775           4 9.07928             12 

2986  B1911+09      ht75b      288.46958           9 9.61161              9 
2987  J1913+1000    hfs+04     288.2650            3 10.0007              4 
2988  J1913+1011    mhl+02     288.334754         13 10.189714           20 
2989  J1913+1050    lsb+17     288.39735           4 10.84072             9 
2990  J1913+1102    lfa+16     288.3710592        13 11.034928            3 

2991  J1913+1103    lbh+15     288.25000           0 11.05000             0 
2992  J1913+1145    mhl+02     288.4328            3 11.7592              4 
2993  J1913+1330    mll+06     288.32487           5 13.509106           12 
2994  J1913+1333    .          288.325             3 13.50917            20 
2995  B1911+13      ht74       288.3514696         5 14.0145997           3 

2996  J1913+3732    bck+13     288.366196         13 37.536750           20 
2997  B1911-04      lvw69b     288.475723          7 -4.679911           20 
2998  J1913-6702    .          288.33333           0 -67.04556            0 
2999  J1914+0219    lfl+06     288.59914           4 2.32994              9 
3000  J1914+0631    hfs+04     288.57183          17 6.5323               3 

3001  J1914+0659    lbh+15     288.573529          9 7.019722            20 
3002  J1914+08      kbj+18     288.57             13 8.7581              20 
3003  B1911+11      ht75b      288.54217           5 11.36769             6 
3004  J1915+0227    lfl+06     288.75884           3 2.46327              5 
3005  J1915+06      .           288.65000           0 6.32667              0 

3006  J1915+0738    nft95      288.85333           9 7.6421               3 
3007  J1915+0752    rtj+96     288.75808           9 7.86922             17 
3008  J1915+0838    hfs+04     288.80779          13 8.6499               4 
3009  B1913+10      ht75b      288.875             9 10.1621             12 
3010  J1915+1144    lbh+15     288.75000           0 11.73333             0 

3011  J1915+1149    lbh+15     288.75000           0 11.81667             0 
3012  J1915+1410    lfl+06     288.89757           5 14.18097             9 
3013  B1913+16      ht75a      288.86666425       13 16.10760744         14 
3014  B1913+167     ht75b      288.82962          10 16.78569            15 
3015  J1915-11      kkl+15     288.8               5 -11.5                6 

3016  J1916+0748    rtj+96     289.2146            9 7.8000              14 
3017  J1916+0844    hfs+04     289.07950           4 8.73528             12 
3018  J1916+0852    hfs+04     289.1025           13 8.8767              14 
3019  B1914+09      ht74       289.134769          8 9.857216            12 
3020  J1916+1023    hfs+04     289.1538            7 10.3842             17 

3021  B1913+105     wol91b     289.04883           5 10.51483            17 
3022  J1916+1225    nab+13     289.083521          5 12.431650           12 
3023  B1914+13      ht74       289.24446           9 13.21389            12 
3024  J1916+3224    scb+19     289.014450         17 32.411028           17 
3025  J1916-0518    fast       289.22917           0 -5.30472             0 

3026  J1916-2939    acd+19     289.13625           3 -29.65772            9 
3027  J1917+0834    nic99      289.45355           3 8.58184              4 
3028  J1917+11      .          289.25417           0 11.71083             0 
3029  B1915+13      smb71      289.4157767         5 13.8991881           3 
3030  J1917+1737    nab+13     289.34990           3 17.62544             3 

3031  B1915+22      sstd86     289.4343            3 22.3802              3 
3032  J1917-30      .          289.15417           0 -29.63500            0 
3033  J1918+1310    lbh+15     289.50000           0 13.16667             0 
3034  B1916+14      ht74       289.59849           3 14.75167             4 
3035  J1918+1541    nft95      289.5321            3 15.68756            20 

3036  J1918-0642    eb01b      289.700136342      12 -6.70969457          4 
3037  J1918-1052    lbr+13     289.70103           6 -10.87955           19 
3038  J1918-6553    .          289.52708           0 -65.88372            0 
3039  B1917+00      dls72      289.9611312         5 0.3610339            6 
3040  J1919+0134    ebvb01     289.93175          13 1.58236             20 

3041  J1919+1314    nab+13     289.88744           3 13.24369             3 
3042  J1919+1642    fc         289.7775            5 16.7125              3 
3043  J1919+1645    lcm13      289.788512          9 16.75631             3 
3044  J1919+1745    dcm+09     289.930592         17 17.75105             3 
3045  J1919+2621    clh+20     289.920887         17 26.35818             3 

3046  J1919+2623    fast       289.81750           0 26.39864             0 
3047  J1920+1040    hfs+04     290.2308            4 10.6753              9 
3048  J1920+1110    mhl+02     290.0555            3 11.1831              9 
3049  B1918+26      dtws85     290.15989           7 26.84400             8 
3050  J1920-0946    MXB        290.20500           0 -9.77417             0 

3051  J1920-0950    bbb+12     290.23304          13 -9.8336              5 
3052  J1921+0137    san16      290.3762819         3 1.6237608            9 
3053  J1921+0812    lfl+06     290.44877           3 8.21441              3 
3054  B1919+14      ht74       290.35067           7 14.32141            11 
3055  J1921+1540    fc         290.4525            5 15.6750              3 

3056  J1921+1544    lcm13      290.443635          4 15.738183            6 
3057  J1921+16      lbh+15     290.25000           0 16.00000             0 
3058  J1921+1929    pkr+19     290.34729458       17 19.4895275           3 
3059  B1918+19      dls73      290.26583           7 19.81241            10 
3060  B1919+20      ht75b      290.46499           4 20.0558              3 

3061  B1919+21      hbp+68     290.436729          9 21.883958           12 
3062  J1921-05      mbc+19     290.32500           0 -5.10583             0 
3063  J1921-051     mss+20     290.25000           0 -5.00000             0 
3064  J1921-0510    .          290.37274           9 -5.16941            18 
3065  J1922+1131    lsb+17     290.70946          13 11.53292            17 

3066  J1922+1722    fc         290.6467            5 17.3742              3 
3067  J1922+1733    lcm13      290.721742          3 17.556519            6 
3068  B1920+20      ht75b      290.53336          13 20.29926            16 
3069  B1920+21      dls73      290.72305           3 21.17832             4 
3070  J1922+58      slr+14     290.5               8 58.5                 3 

3071  B1921+17      ht75b      290.78271           5 17.10261             6 
3072  J1923+2515    lbr+13     290.843719224      17 25.26127552          3 
3073  J1923+4243    slr+14     290.81350           3 42.72185             4 
3074  J1923-04      .          290.84167           0 -4.13194             0 
3075  J1923-0408    .          290.795642         13 -4.1387              3 

3076  J1924+1628    lbh+15     291.00000           0 16.46667             0 
3077  J1924+1631    nab+13     291.22867          13 16.53022            17 
3078  J1924+1639    lcm13      291.012965          3 16.661321            3 
3079  J1924+1645    fc         291.0546            5 16.7528              3 
3080  J1924+17      lbh+15     291.00000           0 17.00000             0 

3081  B1922+20      ht75b      291.17              5 20.668               9 
3082  J1925+1720    lbh+15     291.362629         17 17.34092             3 
3083  J1925+19      lcm13      291.36             12 19.07               12 
3084  J1925-16      bbj+11     291.28             13 -16.02              12 
3085  B1923+04      mlt+78     291.601967          9 4.52543              3 

3086  J1926+0737    emk+10     291.64058           3 7.61867              9 
3087  J1926+0739    pmaccn     291.6254            5 7.65000              3 
3088  B1924+14      ht74       291.73844           9 14.58204            13 
3089  J1926+1613    lbh+15     291.50000           0 16.21667             0 
3090  B1924+16      ht74       291.688845         12 16.809106           19 

3091  B1924+19      ht75b      291.59508          17 19.4699              3 
3092  J1926+2016    lcm13      291.575267          5 20.266981            9 
3093  J1926+2021    fc         291.5900            5 20.3628              3 
3094  J1926-0649    .          291.65392           0 -6.87579             0 
3095  J1926-0652    zlh+19     291.65455           3 -6.87856            12 

3096  J1926-1314    rsm+13     291.724312         13 -13.2344             5 
3097  J1927+0911    lfl+06     291.85678           4 9.18492              9 
3098  B1925+18      ht75b      291.79343           4 18.86903             6 
3099  B1925+188     ht75b      291.85404           5 18.94356             6 
3100  J1927+1917    fc         291.9858            5 19.2986              3 

3101  B1925+22      ht75b      291.78367           5 22.58258             6 
3102  J1928+1245    pkr+19     292.1891400         3 12.7648261           9 
3103  J1928+1443    lsb+17     292.0283            3 14.7198              4 
3104  J1928+15      dcm+09     292.08              3 15.22                4 
3105  J1928+1746    cfl+06     292.177304          5 17.774894            9 

3106  J1928+1923    lcm13      292.02151           3 19.39203             3 
3107  J1928+2124    fc         292.1925            5 21.4058              3 
3108  J1928-01      .          292.06667           0 -1.20167             0 
3109  J1928-0108    .          292.07830           0 -1.14842             0 
3110  J1929+00      cnst96     292.37              7 0.43                 9 

3111  J1929+11      .          292.30583           0 11.90658             0 
3112  J1929+1357    lsf+17     292.29425           9 13.95997            14 
3113  J1929+16      lcm13      292.32             12 16.35               12 
3114  J1929+1621    fc         292.3242            5 16.3631              3 
3115  B1926+18      ht75b      292.31992          17 18.74986            20 

3116  J1929+19      lcm13      292.38             12 19.08               12 
3117  J1929+1905    fc         292.3821            5 19.0953              3 
3118  J1929+1955    fc         292.3608            5 19.9278              3 
3119  J1929+2121    lcm13      292.267663          9 21.356300            9 
3120  J1929+3817    kmk+18     292.27922           3 38.29931             3 

3121  J1929+62      slr+14     292.2               8 62.3                 3 
3122  B1927+13      ht75b      292.50395           4 13.26975             6 
3123  J1930+14      lbh+15     292.50000           0 14.00000             0 
3124  J1930+17      lcm13      292.68             12 17.42               12 
3125  J1930+1852    clb+02     292.62554          17 18.87058            17 

3126  J1930+2441    pkr+19     292.6891602         3 24.6837678           3 
3127  J1930-1852    srm+15     292.623815          3 -18.862853          17 
3128  J1931+1439    lbh+15     292.91847           8 14.66075            12 
3129  B1929+15      ht74       292.98212           5 15.61597             9 
3130  J1931+1952    lcm13      292.982767         13 19.86986             3 

3131  J1931+30      cnst96     292.87              7 30.58                9 
3132  J1931-0144    clh+20     292.88344           4 -1.73958            12 
3133  J1931-0146    .          292.88322           0 -1.73988             0 
3134  B1929+10      lvw68      293.058571          4 10.992606            6 
3135  J1932+1500    lsb+17     293.19295           7 15.00617            12 

3136  J1932+1756    lbh+15     293.030115          3 17.938142            3 
3137  J1932+1916    pga+13     293.08208          17 19.2775              3 
3138  J1932+1944    fc         293.0096            5 19.7436              3 
3139  B1929+20      ht74       293.033431         12 20.346226           15 
3140  B1930+22      ht75b      293.09476          12 22.34764            14 

3141  J1932-01      ttk+17     293.06250           0 -1.13333             0 
3142  J1932-3655    lml+98     293.025533          3 -36.917161           9 
3143  J1933+0758    rtj+96     293.330862          9 7.968614            20 
3144  B1930+13      ht75b      293.343871         17 13.08055             3 
3145  J1933+1726    lbh+15     293.3457617        13 17.447113            3 

3146  B1931+24      stwd85     293.40764           6 24.61101             9 
3147  J1933+5335    scb+19     293.2546            5 53.5953              3 
3148  J1933-5704    DT         293.443            10 -57.115              7 
3149  J1933-6211    jbo+07     293.3851112         3 -62.1963544          3 
3150  J1934+0906    fast       293.57917           0 9.10528              0 

3151  J1934+19      lbh+15     293.50000           0 19.00000             0 
3152  J1934+2153    .          293.73200           0 21.89672             0 
3153  J1934+2352    nab+13     293.69246           9 23.88219             9 
3154  J1934+5219    slr+14     293.59951          10 52.33266             9 
3155  J1935+1159    cha03      293.81698           6 11.98589            12 

3156  B1933+16      dl70       293.9492746         5 16.2777739           6 
3157  J1935+1726    lcm13      293.766450         13 17.441239            9 
3158  B1933+17      ht75b      293.87487           5 17.75339             6 
3159  J1935+2022    fc         293.9008            5 20.3831              3 
3160  J1935+2025    lcm13      293.924754         13 20.42781             9 

3161  J1935+2154    irz+14     293.7320            8 21.8967              7 
3162  B1933+15      ht74       294.00633           9 15.61000             6 
3163  J1936+20      lbh+15     294.00000           0 20.00000             0 
3164  J1936+21      lcm13      294.12             12 21.20               12 
3165  J1937+1505    hfs+04     294.3180            6 15.0886             12 

3166  J1937+1658    pkr+19     294.3537855         4 16.9784869           6 
3167  B1935+25      dtws85     294.2552267         5 25.7370656           3 
3168  J1937+2950    jsb+09     294.44835           6 29.83383             6 
3169  J1937-00      dsm+13     294.29             13 -0.28               14 
3170  J1938+0650    fcwa95     294.47275          17 6.83500              6 

3171  J1938+14      dsm+16     294.6               5 14.70               14 
3172  J1938+2010    nab+13     294.53475           9 20.18103            12 
3173  J1938+2012    lbh+15     294.6670012         5 20.2141186           9 
3174  J1938+2213    cha03      294.559083         13 22.220189           12 
3175  J1938+2216    fc         294.5300            5 22.2825              3 

3176  J1938+6604    slr+14     294.7371730         5 66.07547437         18 
3177  J1939+10      cnst96     294.80              9 10.75                9 
3178  B1937+21      bkh+82     294.910671680       9 21.583091367        12 
3179  B1937+24      sstd86     294.77332           6 24.71545             7 
3180  J1940+0239    mbc+19     295.13750           0 2.61139              0 

3181  J1940+2245    lbh+15     295.11518           5 22.76295             6 
3182  J1940+2337    nab+13     295.14786           3 23.62958             6 
3183  J1940-09      .          295.17500           0 -9.04444             0 
3184  J1940-0902    .          295.22716           0 -9.03822             0 
3185  J1940-1904    sb0210     295.20             10 -19.080              7 

3186  J1940-24      mss+20     295.00000           0 -24.00000            0 
3187  J1940-2403    lml+98     295.12              9 -24.05               5 
3188  J1941+0121    blr+13     295.31683           7 1.36097             14 
3189  J1941+1026    nft95      295.38473           4 10.44044             9 
3190  J1941+1341    lfl+06     295.27028           8 13.69178            17 

3191  J1941+2525    nab+13     295.33667           5 25.41814             6 
3192  J1941+4320    slr+14     295.495482         18 43.335090           10 
3193  B1937-26      mlt+78     295.251696          8 -26.03493            4 
3194  J1942+0147    dsm+16     295.61250           0 1.83639              0 
3195  B1939+17      ht75b      295.50429           9 17.72453            12 

3196  J1942+8106    slr+14     295.72783           8 81.104813           12 
3197  J1942-2019    .          295.7099            4 -20.324              3 
3198  J1943+0609    ebvb01     295.87138           3 6.16600              3 
3199  J1943+2210    skl+15     295.8187125         5 22.1730975           6 
3200  B1940-12      mlt+78     295.85617           4 -12.62845           14 

3201  J1943-20      .          295.64167           0 -20.32444            0 
3202  J1944+0907    clm+05     296.038878824      19 9.12305734           3 
3203  B1942+17      ht75b      296.13250          17 17.92844            20 
3204  J1944+2236    csl+12     296.004461          5 22.606283            6 
3205  J1944-10      kkl+15     296.0               5 -10.3                6 

3206  B1941-17      mlt+78     296.0218            3 -17.8364            11 
3207  J1945+07      dsm+13     296.48             13 7.28                14 
3208  J1945+1211    clh+20     296.29700          13 12.19617            20 
3209  B1943+18      ht75b      296.40042           9 18.57225            12 
3210  B1942-00      mlt+78     296.36832          10 -0.6828              3 

3211  J1946+14      dsm+16     296.7               5 14.70               14 
3212  B1944+17      vl70       296.72102           3 18.09479             4 
3213  J1946+2052    sfc+18     296.55888           3 20.87351             3 
3214  B1944+22      ht75b      296.60371          13 22.74983            17 
3215  J1946+24      dcm+09     296.50              3 23.97                4 

3216  J1946+2535    nab+13     296.7046            3 25.5976              3 
3217  J1946+2611    nft95      296.6909            4 26.1970              3 
3218  J1946+3417    bck+13     296.60471310        9 34.28741361          4 
3219  J1946-1312    jbo+09     296.74095           5 -13.21011           17 
3220  B1943-29      mlt+78     296.71556           4 -29.22975           14 

3221  J1946-5403    ckr+15     296.6               2 -54.0618            20 
3222  J1947+0915    ebvb01     296.9426            3 9.2522               3 
3223  J1947+10      cnst96     296.90              7 10.73                9 
3224  J1947+1957    nab+13     296.830979         17 19.95233             3 
3225  J1947-18      mbc+19     296.87917           0 -18.97000            0 

3226  J1947-4215    lml+98     296.77             11 -42.25               5 
3227  J1947-43      bcm+15     296.8              10 -43.0                7 
3228  J1948+2333    lsb+17     297.080488         13 23.550897           14 
3229  J1948+2551    nab+13     297.073246          5 25.864431            6 
3230  B1946+35      dl70       297.104195          5 35.669738            5 

3231  J1949+2306    nab+13     297.28050           5 23.11542             6 
3232  J1949+3106    dfc+12     297.373489418      16 31.101057233        17 
3233  J1949+3426    acd+19     297.30696           3 34.44275             3 
3234  B1946-25      mlt+78     297.35589          13 -25.4003             6 
3235  J1950+05      cnst96     297.74              7 5.58                 9 

3236  J1950+2414    kls+15     297.68776525       10 24.24915664         12 
3237  J1951+1123    nft95      297.78437           9 11.39033            20 
3238  B1949+14      sstd86     298.02565          11 14.12483            17 
3239  J1952+2630    kla+11     298.1535004         5 26.5077981           6 
3240  J1952+30      pab+18     298.00000           0 30.00000             0 

3241  B1951+32      kcb+88     298.242525          5 32.877919            3 
3242  J1953+1149    nft95      298.44779          13 11.82850            14 
3243  J1953+1846A   hrs+07     298.44167           0 18.77833             0 
3244  J1953+2732    nab+13     298.28250           9 27.54672            12 
3245  J1953+30      ttk+17     298.45              5 30.22                5 

3246  J1954+1021    kmk+18     298.65333           5 10.3529              3 
3247  J1954+2407    lsb+17     298.501558         13 24.120556           12 
3248  J1954+2836    sdz+10     298.57979          17 28.6017              3 
3249  B1952+29      dlp70      298.593975          9 29.388136           12 
3250  J1954+3852    kmk+18     298.504512         17 38.871078           14 

3251  J1954+4357    slr+14     298.66021           3 43.960379           20 
3252  J1955+2527    dfc+12     298.9974801         3 25.4509564           6 
3253  B1953+29      bbf83      298.86614715        4 29.14539896          5 
3254  B1953+50      dth78      298.828182          6 50.998692            4 
3255  J1955+6708    slr+14     298.9115290         6 67.13753627         20 

3256  J1956+07      dsm+16     299.1               5 7.27                14 
3257  J1956+0838    ebvb01     299.21775           9 8.63800             12 
3258  J1956-28      kkl+15     299.0               5 -27.9                6 
3259  J1957+2516    lbh+15     299.3942146        13 25.2672433           9 
3260  J1957+2831    llc98      299.33082           4 28.52885             4 

3261  J1957+5033    sdz+10     299.412             4 50.555               3 
3262  J1957-0002    scb+19     299.42758           3 -0.03522             6 
3263  J1958+2846    aaa+09c    299.66696          13 28.7650              3 
3264  J1958+30      pab+18     299.50000           0 30.00000             0 
3265  J1958+56      scb+19     299.50             10 56.82                5 

3266  B1957+20      fst88      299.9032078         3 20.80420061         17 
3267  J1959+3620    bck+13     299.90846           9 36.34142             9 
3268  J2000+29      pab+18     300.00000           0 29.00000             0 
3269  J2000-1003    fast       300.18333           0 -10.05083            0 
3270  J2001+4258    slr+14     300.294127         17 42.968405           19 

3271  J2001-0349    .          300.4719            3 -3.8278             10 
3272  J2002+1637    nft95      300.6990            3 16.6213              4 
3273  J2002+30      cnst96     300.74              7 30.58                9 
3274  B2000+32      cl86       300.51844           4 32.28842             4 
3275  B2000+40      stwd85     300.683460         13 40.848307           10 

3276  J2002-04      .          300.53750           0 -3.87000             0 
3277  J2003-0934    .          300.96292           0 -9.57750             0 
3278  J2004+2653    lsb+17     301.24592          17 26.89456            17 
3279  B2002+31      dlp70      301.217860         12 31.619448           13 
3280  J2004+3429    bck+13     301.19571          13 34.48825            14 

3281  J2005+3547    nab+13     301.32289           4 35.79039             3 
3282  J2005+3552    bck+13     301.4479            3 35.87342             3 
3283  J2005-0020    mld+96     301.43229          16 -0.3394              4 
3284  J2006+22      scb+19     301.65              5 22.07                5 
3285  J2006+3102    nab+13     301.5458           13 31.0342             12 

3286  B2003-08      mlt+78     301.5681875         5 -8.1172686           9 
3287  J2006-1311    .          301.658            10 -13.216              7 
3288  J2007+0809    ebvb01     301.8062            5 8.1592               6 
3289  J2007+0910    clm+05     301.992096          5 9.170258            17 
3290  J2007+20      kkl+15     301.8               5 20.3                 6 

3291  J2007+2722    kac+10     301.8159533        17 27.3799761          17 
3292  J2007+3120    nab+13     301.78755           3 31.34765             3 
3293  J2008+2513    nft95      302.14784           5 25.22510             5 
3294  J2009+3326    cfl+06     302.45483           9 33.43617             9 
3295  J2010+2845    nab+13     302.521117          9 28.758103            9 

3296  J2010+3051    pkr+19     302.5164758         5 30.8552478           3 
3297  J2010+3230    cfl+06     302.61042           5 32.50203             6 
3298  J2010-1323    jbo+07     302.6913379         5 -13.3989119         12 
3299  J2011+3331    cfl+06     302.770525          9 33.523511            9 
3300  J2012-2029    blr+13     303.1942           13 -20.492              7 

3301  J2013+3058    nab+13     303.392721         13 30.980747           14 
3302  B2011+38      stwd85     303.293196         13 38.762031           12 
3303  J2013-0649    lbr+13     303.323961         16 -6.81816             9 
3304  J2015+2524    nft95      303.8029            3 25.4087              3 
3305  J2016+1948    naf03      304.2393479         3 19.7976634           4 

3306  J2017+0603    cgj+11     304.34460510        3 6.05154554           4 
3307  J2017+2043    naf03      304.370575          9 20.725528            9 
3308  J2017+3625    cwp+17     304.48267           5 36.41886             6 
3309  J2017+5906    slr+14     304.43566           9 59.11305             5 
3310  J2017-1614    san16      304.442283          4 -16.237642          14 

3311  B2016+28      csl68      304.515972          4 28.665059            5 
3312  J2018+3431    cfl+06     304.721650          9 34.516808            6 
3313  J2019+2425    ntf93      304.88312083       13 24.42091772         14 
3314  J2021+3651    rhr+02     305.27275          17 36.85133            14 
3315  J2021+4026    aaa+09c    305.37496          13 40.44586            20 

3316  J2022+21      scb+19     305.60              5 21.18                5 
3317  B2020+28      fss73      305.654446          3 28.906418            4 
3318  J2022+3842    agr+11     305.59037           3 38.704117           20 
3319  B2021+51      dl70       305.707804          5 51.913954            4 
3320  B2022+50      dtws85     305.924761          5 50.626349            3 

3321  J2024+48      hrk+08     306.00000           0 48.00000             0 
3322  B2025+21      ht75b      306.819542         13 21.767897           14 
3323  J2027+4557    hrk+08     306.817638         13 45.965856           12 
3324  J2027+7502    slr+14     306.84700          10 75.04147             5 
3325  J2028+3332    pga+12     307.08275           3 33.534544           20 

3326  B2027+37      stwd85     307.34947           4 37.73560             4 
3327  B2028+22      ht75b      307.66853           4 22.47273             4 
3328  J2030+3641    ckr+12     307.501088         17 36.690875           20 
3329  J2030+4415    pga+12     307.71396          17 44.26058            12 
3330  J2030+55      hrk+08     307.50000           0 55.00000             0 

3331  J2032+4127    aaa+09c    308.054663          9 41.45675             3 
3332  J2033+0042    bb10       308.37967           9 0.7067               3 
3333  J2033+1734    rtj+96     308.36463255        7 17.58290832          8 
3334  J2033-1938    blr+13     308.4808            9 -19.650              4 
3335  J2036+2835    bck+13     309.19318           3 28.586233           20 

3336  J2036+6646    scb+19     309.2180            3 66.77242             9 
3337  B2034+19      stwd85     309.3106            4 19.7151              3 
3338  B2035+36      dtws85     309.36434          10 36.35669             8 
3339  J2038+35      hrk+08     309.50000           0 35.00000             0 
3340  B2036+53      dtws85     309.5132            3 53.32023            17 

3341  J2038-3816    lml+98     309.72650          13 -38.2710             3 
3342  J2039-3616    .          309.81910           0 -36.27144            0 
3343  J2040+1657    lxf+05     310.074437         13 16.958461           20 
3344  J2042+0246    san16      310.5458453         3 2.7706658            6 
3345  J2043+1711    hrm+11     310.837006870       6 17.191363360        10 

3346  J2043+2740    rtj+96     310.9313            5 27.6822              3 
3347  J2043+7045    hrk+08     310.75000           0 70.75000             0 
3348  J2044+28      mss+20     311.00000           0 28.00000             0 
3349  J2044+4614    snk96      311.2450            5 46.2483              3 
3350  J2045+0912    clm+05     311.447266          4 9.208100            12 

3351  J2045+3633    bcf+17     311.2562710         5 36.5503898           3 
3352  B2044+15      mlt+78     311.6639054         5 15.6759883           3 
3353  B2045+56      dtws85     311.69420           8 57.14364             4 
3354  B2043-04      mlt+78     311.5007208         5 -4.3572933           6 
3355  J2047+1053    rap+12     311.75000           0 10.88333             0 

3356  J2047+5029    jsb+09     311.9776667        17 50.493936           12 
3357  J2048+2255    naf03      312.191117          9 22.918142            9 
3358  B2045-16      tv68       312.14850265       17 -16.27904264         5 
3359  J2049-5501    .          312.46292           0 -55.03239            0 
3360  J2050+1259    naf03      312.7384            6 12.9858              9 

3361  J2051+1248    ttk+17     312.87358           9 12.80597            17 
3362  J2051-0827    sbl+96     312.781            17 -8.4605              6 
3363  J2052+1219    cck+16     313.2               3 12.3                 3 
3364  J2053+1718    bfrs18     313.456170          3 17.312406            4 
3365  J2053+4650    bcf+17     313.4692835         3 46.84769947         12 

3366  B2048-72      mlt+78     313.447000         17 -72.011800           6 
3367  B2053+21      stwd85     313.913133         19 22.15756             3 
3368  J2055+2539    sdz+10     313.9533            9 25.6672              9 
3369  B2053+36      dbtb82     313.8806338         5 36.5059636           6 
3370  J2055+3829    goc+19     313.792943958      17 38.491918253        17 

3371  J2055-6715    .          313.812            10 -67.231              7 
3372  J2057+21      scb+19     314.45              5 21.43                5 
3373  J2101-4807    .          315.34167           0 -48.11806            0 
3374  J2102+38      hrk+08     315.50000           0 38.00000             0 
3375  J2105+07      dsm+16     316.4               5 7.95                14 

3376  J2105+19      ttm18      316.33              9 19.4                 4 
3377  J2105+28      slr+14     316.5               5 28.5                 3 
3378  J2105+6223    kkl+15     316.30388           9 62.38486             3 
3379  B2106+44      dls73      317.08534           3 44.696908           17 
3380  J2108-3429    lml+98     317.12704           9 -34.49386           12 

3381  J2110-0242    fast       317.64583           0 -2.71083             0 
3382  J2111+2106    blr+13     317.8880            3 21.1019              4 
3383  J2111+40      hrk+08     317.75000           0 40.00000             0 
3384  J2111+4606    pga+12     317.85054          13 46.10869             9 
3385  B2110+27      skk+80     318.2681275         5 27.9003222           3 

3386  B2111+46      dl70       318.3513729         5 46.7357900           3 
3387  J2113+67      slr+14     318.5               8 67.0                 3 
3388  J2115+5448    san16      318.7990325         5 54.8125428           6 
3389  B2113+14      mlt+78     319.057300         13 14.239178           20 
3390  J2122+2426    scb+19     320.66258           5 24.44581             6 

3391  J2123+36      scb+19     320.95              5 36.40                5 
3392  J2123+5434    slr+14     320.840346          3 54.5688095          18 
3393  B2122+13      dtws85     321.19406           7 14.12204             9 
3394  J2124-3358    bjb+97     321.18272301        5 -33.97907469         9 
3395  B2123-67      mlt+78     321.8803            7 -66.8078             3 

3396  B2127+11A     wkm+89     322.492693800      17 12.16700942          3 
3397  B2127+11B     agk+90     322.494300          5 12.166753            9 
3398  B2127+11C     agk+90     322.5050175         5 12.1772803          12 
3399  B2127+11D     pakw91     322.49281           3 12.16659             4 
3400  B2127+11E     pakw91     322.492446         17 12.16906             3 

3401  B2127+11F     and93      322.48824           3 12.16747             3 
3402  B2127+11G     and93      322.49146          13 12.16592            17 
3403  B2127+11H     and93      322.49243           3 12.16651             3 
3404  J2129-0429    hrm+11     322.437661          5 -4.48489             3 
3405  J2129-5721    llb+96     322.34485547        5 -57.35394393         4 

3406  J2136-1606    rsm+13     324.0009            5 -16.1036            12 
3407  J2136-5046    .          324.23997           4 -50.78223            4 
3408  J2137+6428    slr+14     324.3344            3 64.47827            14 
3409  J2138+4911    hrk+08     324.50000           0 49.18333             0 
3410  J2138-51      .          324.40000           0 -50.76111            0 

3411  J2139+00      cnst96     324.93              7 0.60                 9 
3412  J2139+2242    snt97      324.86208           5 22.71167             6 
3413  J2139+4716    pga+12     324.9831            4 47.2703              3 
3414  J2140-2310A   rsb+04     325.0933587        20 -23.180220           3 
3415  J2140-2310B   rsb+04     325.09              7 -23.18               8 

3416  J2143+0654    zct+05     325.76408          17 6.90487             17 
3417  J2144-3933    mld+96     326.05025168       19 -39.56580140         9 
3418  J2144-5237    bcm+15     326.1633            3 -52.625603           6 
3419  J2145-0750    bhl+94     326.4602666         5 -7.8384548          12 
3420  B2148+63      dls72      327.4945971         9 63.4956325           6 

3421  B2148+52      dtws85     327.6572912         5 52.7970989           3 
3422  J2150-0326    .          327.61347           0 -3.44244             0 
3423  J2151+2315    lwf+04     327.8704            5 23.25356            14 
3424  J2154-28      .          328.70417           0 -28.14972            0 
3425  J2154-2812    kbj+18     328.5724            3 -28.2114             3 

3426  J2155+2813    lwf+04     328.81592           5 28.22003             6 
3427  B2152-31      mlt+78     328.80671          16 -31.3152             3 
3428  B2151-56      mlt+78     328.756             3 -56.6992            14 
3429  J2156+2618    cnt96      329.09877           3 26.30846             5 
3430  B2154+40      fss73      329.2577063         5 40.2961072           6 

3431  J2202+21      ttm18      330.59              9 21.8                 4 
3432  J2203+50      hrk+08     330.75000           0 50.00000             0 
3433  J2204+0945    fast       331.13750           0 9.75194              0 
3434  J2204+2700    dsm+13     331.181704         13 27.015192           12 
3435  J2205+1444    cnt96      331.32186           6 14.74203            12 

3436  J2206+6151    bck+13     331.57550           3 61.866139            9 
3437  J2208+4056    slr+14     332.00831           5 40.93384             4 
3438  J2208+5500    jml+09     332.09883           5 55.002336           14 
3439  J2209+22      ttm18      332.47              5 21.28                5 
3440  J2210+57      slr+14     332.8               8 57.5                 3 

3441  B2210+29      dtws85     333.0972683         5 29.5515031           3 
3442  J2213+53      hrk+08     333.25000           0 53.00000             0 
3443  J2214+3000    rrc+11     333.66188554        5 30.01060907          5 
3444  J2214-1844    .          333.64167           0 -18.73444            0 
3445  J2215+1538    cnt96      333.915221         17 15.643022           20 

3446  J2215+5135    hrm+11     333.8862017        17 51.593428            4 
3447  J2216+5759    bck+13     334.02175          13 57.99825             9 
3448  J2217+5733    jml+09     334.47929           9 57.55111             6 
3449  B2217+47      th69       334.950579         13 47.914981            9 
3450  J2222+2923    cnt96      335.76343           5 29.39962             5 

3451  J2222+5602    hrk+08     335.50000           0 56.00000             0 
3452  J2222-0137    blr+13     335.52487125        3 -1.62103456          3 
3453  J2225+35      skdl09     336.20000           0 35.50000             0 
3454  B2224+65      dls73      336.4702613        13 65.5934364           3 
3455  J2227+30      cnst96     336.88             10 30.60                9 

3456  J2228+6447    slr+14     337.16877          15 64.78872             8 
3457  J2228-65      mbc+19     337.04167           0 -65.18000            0 
3458  J2229+2643    cam95a     337.46201887        8 26.73268012          7 
3459  J2229+6114    hcg+01     337.2720            3 61.23592            14 
3460  B2227+61      dbtb82     337.42431           5 62.093339           19 

3461  J2234+0611    dsm+13     338.596137875       9 6.191301758         20 
3462  J2234+0944    mjk        338.695206          3 9.741820             4 
3463  J2234+2114    cnt96      338.73600          13 21.23856            14 
3464  J2235+1506    cnt93      338.9320838         5 15.1136278          14 
3465  J2236-5526    LL         339.21608           0 -55.46357            0 

3466  J2236-5527    bbb+13     339.216036          9 -55.463569           3 
3467  J2238+5903    aaa+09c    339.61779          17 59.06133            12 
3468  J2238+6021    hrk+08     339.50000           0 60.35000             0 
3469  J2238-1220    .          339.66667           0 -12.34361            0 
3470  J2240+5832    tpc+11     340.178913         17 58.543756           12 

3471  J2241+6941    slr+14     340.33459           8 69.69992             4 
3472  J2241-5236    mjk        340.4250708242      5 -52.610058683        3 
3473  B2241+69      dtws85     340.7350            5 69.84782            14 
3474  J2243+1518    cml05      340.790700         17 15.30697             4 
3475  J2244+63      hrk+08     341.00000           0 63.00000             0 

3476  J2248-0101    mld+96     342.1120246         5 -1.0300236           3 
3477  J2251-3711    mke+20     342.9333            5 -37.1967             5 
3478  J2252-3716    .          342.98379           5 -37.271194           3 
3479  J2253+1516    cnt96      343.310554         17 15.27717             3 
3480  J2256-1024    hrm+11     344.23496           5 -10.40955            4 

3481  B2255+58      dls72      344.490601         13 59.154121            7 
3482  J2301+5852    fg81       345.2845           14 58.87901            17 
3483  J2302+4442    cgj+11     345.69574318        6 44.70613461          5 
3484  J2302+6028    snt97      345.54667           9 60.46673             3 
3485  B2303+30      lan69      346.4930050         5 31.0003558           3 

3486  B2303+46      dtws85     346.48268           8 47.12926             5 
3487  J2306+31      scb+19     346.55              5 31.38                5 
3488  J2307+2225    cnt96      346.92203           6 22.43059             6 
3489  B2306+55      dls72      347.05759           3 55.793342           12 
3490  J2310+6706    kkl+15     347.6754            9 67.1145              3 

3491  J2310-0555    san16      347.526792         17 -5.92664             3 
3492  J2312+6931    slr+14     348.16223          18 69.51778             9 
3493  B2310+42      dth78      348.2859204         5 42.8869564           6 
3494  J2315+58      hrk+08     348.75000           0 58.00000             0 
3495  J2317+1439    cnt93      349.2884931         5 14.6586561           9 

3496  B2315+21      dth78      349.4910079         5 21.8300053           3 
3497  J2319+6411    hrk+08     349.896708          9 64.1904875          20 
3498  B2319+60      dlp70      350.48006           6 60.40853             3 
3499  J2322+2057    ntf93      350.5930632         3 20.9507437           4 
3500  J2322-2650    sbb+18     350.64433355       11 -26.84953261        17 

3501  J2322-2652    .          350.64429           0 -26.84944            0 
3502  J2323+1208    .          350.83975           0 12.23621             0 
3503  J2323+1241    clh+20     350.84008           3 12.23686             5 
3504  B2321-61      mlt+78     351.11308           5 -60.901609           3 
3505  B2323+63      dth78      351.3054983         9 63.2812117           3 

3506  J2325-0530    kkl+15     351.3138            5 -5.5108             12 
3507  B2324+60      dls73      351.744572         11 61.226797            5 
3508  J2326+6141    hrk+08     351.50000           0 61.00000             0 
3509  J2327+62      mss+20     351.75000           0 62.00000             0 
3510  J2329+16      dsm+13     352.46             13 16.95               14 

3511  J2329+4743    scb+19     352.38145           3 47.727703           17 
3512  B2327-20      ll76       352.61202           3 -20.09156            5 
3513  J2333+6145    bck+13     353.33103           3 61.758358            9 
3514  J2336-01      scb+19     354.15              5 -1.85                5 
3515  B2334+61      dtws85     354.27401           5 61.850425           20 

3516  J2339-0533    rpp+20     354.91146           5 -5.551472            9 
3517  J2340+08      dsm+13     355.19              3 8.55                 3 
3518  J2343+6221    hrk+08     355.75000           0 62.35000             0 
3519  J2346-0609    mld+96     356.7119221         5 -6.1659260           6 
3520  J2350+31      ttk+17     357.68              5 31.65                5 

3521  J2351+8533    slr+14     357.764             3 85.55573            13 
3522  J2352+65      hrk+08     358.00000           0 65.00000             0 
3523  B2351+61      dbtb82     358.5199292         5 61.9296792           3 
3524  J2354-22      mbc+19     358.60833           0 -22.86472            0 
3525  J2355+2246    acd+19     358.9575           13 22.771               3 

3526  J2359-6537    DT         359.814            10 -65.675              7 

extra J1652-4838    .          253.0               . -48.6                .
